addy,0
14dm3MHJvHhfg5XH2rpP5D98uuU6r3UAiof8MBRJhWbJ,3
1BFM2FA5L4Yq7GSq5FbR5uLJERk1yYPA2yHCTHzqz8q,1
1BWutmTvYPwDtmw9abTkS4Ssr8no61spGAvW1X6NDix,2
1cFpUBQHtqxAYk3NY34GWt3zVUmmTqLN2jBm4BXWgE6,1
21adZyeNQKm3duo9pQ9zHGtLDNbZpyLKV5MqVrH3VbCm,1
22NGpzpuvzNcsXHGh12sGaEJ2GYV3Vh9zBXp1hiYX6eR,1
22eNPCNXgqkcEta32oLnZRoE8i1oKYrrofogpfXTdU32,1
22sjspMbcLrQNTudF7SMdqcqTYRXgkpC2FDraZwWzRfr,1
23t9hrzfQ4a7VbCqwBpbMDN9gFYrhjtgPr2SN5EL7n8w,1
24AtLeNYP7uem88S72qyyi9zMHayPitQ1XyYfEUDwSiT,1
25duoxDKdrYdHZw8hQBPAwuQpLRmWKzkkwjxs1u983zG,1
25qnzgBj42ukAj8a5Kjp6LMhBSHf3Vork4iZZxHGFGYp,1
26x1Nnd5BbyekDniSbLuvdLqkzSn466yXZsFJJVrbzxN,1
2A2w4ivTkKC58upbPb6YmEsgnR2m2Hi3RQiERUF6F6g4,1
2B9AjMGKkerAENMFwpwH67GF4jVZHuB17F9VxJBaRJdz,1
2BQbeh31dqLpoMRSn1gNB96uqZv47LHiD37LaCMQQnMd,1
2DbJ7GGqdZdHwEBuCjxc63ruVsWEL6FxnCvQL8cgfi4R,1
2E1KjCmuQL8kJFNq2MXnYkzNVp7ZM3La1kzgM3CitHHJ,1
2K9Bfb5kQEveo9jg4uH6YS6g9g8SeGJwuQP5NU2XToNA,1
2Kt2edjA6oMUNsC8kLPH31XJP2vqQZmMPNu2qo6BzuCa,1
2LWBq4fQd9f7RNTtWQgwP2Sra8mdvtgFkxUP4roF6m2R,1
2NkcmNsb76EHUY9xXeuqUiv8LSLHpvFcPrgRSbk1KC9V,1
2RiSKqdNpchGiFUJxon28xvKAGmt7U2nmPz8BSJKJKu1,3
2T6pzHukrt2BspyukP7sUDCnuYb6cKC4Ef5kXtexYu9g,1
2UapgWZjuykmFJc5M2rbhxAn22dp4YazrN8c48cihGuu,1
2X86EP5wVnNamudn4c1T3QExiV3PNXUmEaZjumEJQrDv,1
2YBkKBijdegDgPzfWDpd3KE4Maynoy4Smpxwt9YM3QCn,1
2YCbfiFWUMjDg9P6LLvy1wUV6DtgNrfZDFXHpmPCveiJ,1
2YQzdeXH2wRuy6Sa7YSzw9oMJovEYhtWMthArtqG5Rrt,2
2YWcV3E4FRT7RErExUY49BkBuHKWiSgzLfhLSKgdqsVS,2
2Ygyhe4NN3wPYV1G8Rp7VLpLjHDnC4cbFp9Dsk6kLqVN,1
2aVJkUFsBvEn3iEFWrzPaL1VYnifNMWXJTKNrqPh9T4o,1
2agjSaX2WtSzoVF9kH1auUkznrpE3GW9UjgH49w5bwmS,3
2byEt66juYfPdikcPFa2Q7i2S9Ph5tm2VFsvqLoipsiu,2
2cuRwBX7QTfNB5553hLT9VS25Tpa547XCWY14BShG35v,1
2dENJBSsjhdESK2Bz3TFFrfncG8SHZzsAWuQiKfHBuRv,2
2dFWvzWmkRmhYzUGTbdmYg9XzKf7WmP3D9RESMAz9zoS,1
2gP476AvbXW6JpEPJWUE2Mp3oZZ7Sw3PJ3Esv8xfDYiQ,2
2mHusbKfhrbJof7QzKvcz5KwJSU5PnGHGiNyK8B1HxVG,1
2n8p5pYawHeXdtWfuEDpAB1jsQFaSLTcPy1vE9orTB9B,2
2oD5mJzJ61urzuwMVJ2LEnLCkNaFdwKaaCu4ysaGhPio,1
2oZVX4xouqSacEEZZm9o9VnsY8Nd5nsp4kYmxCaNYygW,1
2pBNnQ4WAe9U51j38o5CGS5ifx3jbwdxH5dTsfShKNVB,1
2pd8Gy8c6RyV6DK9MDt7MWdS47kNxEjakoK2pX4NKzku,2
2pkYu4zGhDt3NFH23y96ZkQcds2y78KWUgGdPUh3CW3E,1
2qbJuGQTwqMkLTaYfWEHjuA9CiWSfoD4J9EFji4iYzeH,1
2t1je318Tzzx53dSzc7e9P3hD6bDma8ZRxn1nYQpLWD2,1
2t9Ed6mNVad3huiNnrxmyiJTe4vuQPUMRAy5HJnDKKkb,1
2uG6pyL58LZxnM8vb75vyPv4Zv5EAR8i2B67avWhRMQ1,1
2uKsxL66hgwpoSpHMk86xdS7sBaxqaCZ1T2B1XQGKtBk,1
2x6yyZVcVHcUh7mAg6T3tpX5o4Qu3R3z3JGNZCwKrwih,1
2z2BKSHkWEyKofDHDvmwzVKkpqU6tDKzbRAga5AJ7g4W,1
32NELkzrT8xY977TogD6KfF7ECbBnSgJuzBby38ejCby,1
33YTQ8uid2DLBPhsiTna575Six5B11HYDJuHjoQzFPok,1
33otNhZkUUcaHrwbyvradFUDAAp55beSYZqc8JYQnScm,1
34pzJbbnHcVLRLFMHE2aSHRCBEeccYRhw4tvC2VpkcP3,1
35oWkwwDWgRGUMg6vcGuhzoAGeuNFqiWNqv2e64nedLM,2
36sDyxpDDZzLp9UK9fRehLEgSJvdddsBeon3MngXUv1z,1
37QPSWKb3b1euxQGryhsox7TpUHRyaE1XR7TwSCSwQz6,1
38JfP76ykUFWqLAutPSnWuxFDe6quMTAAY7bXWAnX3yG,1
38ZdaGuRYof64KVaWYL4E3amHyCzgkQScVX2Uhvw14aS,1
39YD5rZrsz8mSdtyVCfwaG2cAh5Amq4wDAgqZEtgXLRj,1
3A3HaobVjC6HJrZCsKhgbK4LqXrK328FKGUr7nALhcbF,2
3D49QorJyNaL4rcpiynbuS3pRH4Y7EXEM6v6ZGaqfFGK,61
3DTEw4wsyEvKBh1u3v2NKtcBmLwz8iJYieuDeSbjyRQP,2
3EAD5H1U97yMwCpkVS1VWtXLGdubXxw1SutCCEujwwNC,1
3EwU4rKqNQidDguJBRsj3ssS7EPxqKCeEwDHwb7Ei4Hv,1
3FA6GyuqNXz3LDh9bxWXCcfg4WFCrUUub9t29nzeieuH,1
3Fub8NFLFHTQED6JFrrAaZ4h26bNfafhb1wQJ5xpZWsr,1
3K4GfB3LLHzKSEdX9wq84e2H5wwGh3Gt6CKVP7Y2USMH,2
3Kqmp4zjquZPXNVPY34A7ELoXWDNm1rvwdRj8fCrX4pH,1
3Kx42dgP4mnr8Lnw58rdccNfMXCP3au91WTCJt2GX3VX,1
3PJUJ9Jn1dL35cvc8tHq5XWNeeSN3R9HfLRapmdEwNCb,3
3Rb8Lhs6DnbEty9ZQaABEFgeQ7Zm1tqZFUfYhQ6Hs5Rc,1
3S8HXvRERsAW7jGvJNDTwKPAfpJAXAnRmnqaK2oqG6cN,1
3UCaJuWxvaq8LoYcXLaDMZ2usfu2v56UtBgsfBJbh1oW,1
3VWia87hNkxgg51heFc9z1GtZdmSuC63RGtFe98Nnsbb,1
3W4PZ2scCpBKLQa6he6G8KSwpWbYyndLhdtcbf25jukL,5
3Wx8j8tEy81BgsC2waST5dyexgxsmm7tdPApFVMjiyAi,1
3Wz5mXgPdgzuxufvo5K1xVzXycJEam6Ee4vAr9XKybN2,1
3XS11bvR7otPjkqu8eBzKgAwVXmonkWjkbY4BKK46Usn,1
3YMxh6UKx5j5QNJDUgrcduDJix814KuXgW1WoJabJcf2,3
3YWpnyS9J8ZUSkgqtvDXudDATeeT4LSxBuaoGZSy398p,1
3ZKbSv5JL8eYCbw4uZs5cC45LDDYbgA1gdkQLB56VPVm,1
3ZnFcqYcm7Gq7zw1RGnRypGyVsZt2DAr6rUxBE5seWU4,1
3fZ1iKKmHJECq3zhjjQgXP1ckTWrTcjqgXxs7gyvsTWc,1
3g4Lj9q7wiLRZmoNSmSFYhWGTmToNmUp8XEVkV3HUXY4,1
3gCERtT6n97yEojuBnw9vYHj9aW3e4LJ7FqFD7saKgGP,1
3gV1Bd6TcwZudzkDMe54r8vkrwimKMZjm3tSQVMwxSuU,1
3gc7tTph3waXqfhox8Ln9m4BkrzSvSQQYsxdd9U7Btk9,1
3iK1m8pAbNNmNcGgNAzs1k9YCt9pfLw7Vuif5sfQ1urN,1
3iRZx8u3PgmedxpHsHMirEDboNNWqZ8gZUFKv94bsaNL,1
3jS6uaUPpY6ViAqtMkenrA8aAwF3sSXSugDCfLVapRn8,1
3jVJZH7dybq5zyhuY5SCdFPA5oYXe29MdrXx5h7Yumfd,1
3jYqLybUSegmNmBKSig6S3bvATARTjSmnGCoGk9AvmYm,1
3kwwJQiPCYcDbAAcuropDLBasGHeqqnTbW1sz6Xxv912,1
3mWmN3bfrDzJBU2UbXUfjQfoXUnRonvBfoz93tCMNKHs,1
3mbkhRk7iCyBRgihU4TAJm8m1w1HfQMocyun4XJ78gfm,1
3myNsRmfeyKEnh8WC9b7oMusPxwGkrfmtd8bAHRT9FtP,2
3pF1Cpmc9bcUzoJsU6t28F2mh2hUnuEKLqjkcy4Gy7nb,1
3pSNQT1b36TgMu9Nz5wfvgBiNqH5wizBP8G9jusUq24e,1
3qrRzzk271qBdiGm4aRFv1v9VRpftp989beUyLwQK7or,1
3sPmj3a2pfiY87SPZNhsw3hKV9w6UVWjRKNNwSURCZZ1,1
3sqET3TE97ziP1ENkvA1f23GU8owRZVmcVy2SyBde2sX,1
3ufE8ZossNvypfLHuvbYMGyrAwKk7CUShTFqfpkjsCFB,2
3v1VWDdzrLz3EQ5qJb5FXbFPpx9kRZdhPgdAVfuKHKaW,1
3vz66ENb5LGkra6v67FNj3vhj7FSWcyQJnyUvWJgQ41t,1
3xE7U4qokhy17ZXgQx1J9CYJ9tYBFQnruYL62LSUxisW,1
3y3cskitPB78LJCURwffPCvsrXVt6w3kAwqyq2NFtSPC,83
3yaFdAPEgWW4cuKcPutYeZkavCfunKW7fbPBpyWcqTcE,1
3yiqYRn1nFXx62bHaJzUzKF9NKKA7spixGGbMrWgw13a,2
3zTZe6n8cVn9UvY2oSApRYmhyqTQczwT7uSkTXrRRhBY,2
41MwahgAyTxFD9MAVaS1SigFg1nYPSot1yoiVyhQUmUa,1
42Eso11aMkP7iTayTkzZt73zkAgBzmY8HzRV1byfpwn9,2
438KJDGAU14u3z1maNcZD2K5VuWshvybyhAsXPvmz5hc,1
43rcitJZNrN1q4p3unk7QEwivXGsuPdJPwBN5Kcw5i8k,1
47Fushrp5n6h5YquKqnukrAiSbeZ6UtDnGDey3CCHoRV,1
4B1xUKE9xstMy8cXucsz3FVcPsk4o85aVw5W3vqECoU8,1
4BaSogcLUznraZnDPzKNcu1Qra5LS2HtTRFVUdCT9ZCf,1
4DiJYCaLnAvfMzvtcnjYvp2skGH6hKWtpdWef9w79zUS,2
4EB1GWkbvx75bLcphYyaeZQB1f1dwqzxC8ATjoMP7FKx,1
4EUqMW9ewhHMMugPMihkG4HUggJt8JgdmVuo9BYr7dfr,1
4FnBWoV5WkhsDRhtgQkQa2KFSLFMiDWL4MaakP2zSwzs,1
4GMPTmhAzAyDDfHsWXnDqMZuiG8mhpKjedEttdv2Cma3,1
4JviF6X4tG7SyERRbR2KuvMrR1mdqoPiaACRGBaNHaHz,1
4KhK6adpQAtaVYV37XwYzj36qyz7ULGVMpo1rgCRpvQb,1
4KqrBoE9HXRAxoDfASWeoCDL9b46L5am6xKsDaFX5BjA,2
4MrtW57LjVbJTn4cMWGfRmuQbSepB8Rdm9Lz4kXg2iao,1
4RcejA8jhVpogDwvbdHj819qvPTNKHo191rph4HMngfU,1
4US2JbDr2UkZaCxcNi9RaS5SersLzkKggjbr8VXzzG63,1
4VXp23sbg7hFXjudGTnKYn4mZiw8JMCZjj1aZXVDYewC,1
4WFgxbFDSH6PbMhqCGErqBKt6oguh4EXdcpfv4AyzepV,17
4WoNPTWZvCTyhTX11ba8Ye1WhpPiKtjUuGWpi2xQLBth,1
4XHaRs5vknXyiXW8Ja65fxaF93m8dcYRWzCi2HNZRU5Y,1
4ZReQgApEMXWKh2aBpGRyjzG94c8Jjn8mj5nts9q6PQC,2
4Zfm9FUgyfpW8oh6qPTrb6HQsiD4ysogL3PiRytu12X1,1
4aZHuSbzFr64srLsbNt2KTEtML4wbcK5y7kpjYVQuo6x,1
4ad92HgTaMKDWa1spGhoPTPDFkJVf5WAsW5CTHSmYR38,1
4cKmUprXqgdpbfCxQzRb1fVkFXvGrUNBrJFWRFFdnGCe,1
4cfekAhcVHM6SNQkwxtafvTYQqHpNZsGrDxtQyvUpDPm,1
4d9FNYQq6XCjczxefpAKsjjTTKPtDkJmd6FuV8CWRJ8z,1
4dfGnWyzNQ6vQn9BKWzvYJii3R2GjXgxatCCJR4t2FDz,3
4dhr5gdoEUDVnAK3YD8bzzqCtwbjASqZeftDQ2doZd5g,1
4eg3MW2HpGPaNk6dHj8RZ2dZhzYC4NxpRRaetFsePHa4,4
4ja2N12Zczh9K25zGFTfao6yPdTZSfA5Bw4QueSmQCYJ,1
4oK4VBjEMhNDtUMEYGPZtcB1KNJYrHyvqiDsa6sPtzMR,2
4ommK4XTN8rw5PrXFXob7jrcbvpckPuB4oAEVj4i8Noo,1
4opEw2tdVQ9KBhBB8KX13MmFe3WediJbSu4tpvs9YLx3,1
4ovDSSsXVeJZ29Bo5ocgVQ188JtpTLdM9Bwr5U8HWta1,2
4pAYX3zN1L4MedTNjuaEhDMeL9jKTqbXgaBH3mAmTyB9,1
4tg2qFnpxkdbE3NqJLATNU5sSqzdrAQu7guHZCRdUidE,1
4u74MyFyzYKPjKUq6A5c3sjw6DRDYEw2f7KjkAFouj29,2
4uRir3EmFhkVaVH3ukdXBVAVeByHbE4GcjwGYL959yFW,2
4xAToYcZagTvSFoA5RDom7kJsGb85wLqEhVF9Fk7C2Kf,1
4yZjuYkAwhj56fzxzvxh6LfZBcarrYAsm4vHWwikPUKd,2
4ypJi1gYRAkfNq7GnkaWLa2tSy8bXaGmipqoi3z4V83r,1
4zMbkxUZV7T4SybS2JNuTNiNhvR3bDXXMzEgw4smkTxg,1
51xqyQYf1F9qi33HTEQETSeBR3xeBYLMuxTTr43kbnsv,2
53gug3smJdpyLpk26K1mhYgqc6a1s7ZLj95p4FZpSX4s,1
54ZUQsgXKSHBRdWLXu2GfXgLPQtrcD1vn9ku8aFw38pK,1
57vHx9oYrLCQVy9FXbyTcsHbh4KLNHuZzcvCqrW684GV,1
58MC2MxtYvAz31ziqUYAZfRrpba7CHBVELjegmFimpnK,1
58WDSzS6ViWSWXGRwnv8UbKrHo18a6HBgHWVYMTc3dp3,1
58YbBrqkzdVUnb5k3hSuboHaqW5C5nBC1FZH3b9t1FLq,2
59JYgUrXGzGrC6i5VMfiAdYBCSxedP3ycnJRVUCzCVvp,1
5AkLkGFKdH9GPw4xpWFh4LqcFi6HAnFL2BRHAKad1oB8,1
5BAn67PrcaJ3FzYEBtAf1SLUyYAV5BDVfVtZkJvGJcR9,3
5C9tu7uVVvPj7ji9K8hDSNsYSpc5cLgbP3W1QxfW9n6U,1
5CfyWJEuYLE3m9VPAU1HzMts15Dwm1mTECwi2EM2eisd,1
5EGms5z7FoyA7MT5nrTmJn4vXkTb7c1ChXW7Yh9dsfFR,1
5FutzS3HGJheUq8qdwkKwZvkjjuQfEzABrvyiahmcgPW,3
5G5QaX1hZjFFVbUjXT6PVRGiWm1oZp8qjmGX31vWUwYf,1
5GouSMBWBmwArsuugTmCLVFkw59cVzXJJovXvHoHsoP8,1
5LRxnvZ9ZAbJXUYFxgasiFAwELXqsgQnve4V4dUtgAB7,1
5Lc6KL91cF5wfDV8dbYpGHtu2A5nNLEjzfsGPRaSKzFv,1
5MC5gpRxnoZi5MMmqjvTTuWsyqQG5nq3w1ghwqUszpg3,1
5MEXCEnN1i8iWyV98Qi8eg5pA1rjUT28v98AximnMcB9,1
5MTqTQdGBijYwyrfc5eh4o2ksWcJtYsGHvTZzPE4bbfF,1
5McDd6B8ffHvkGQUcimvGyGTmmJxcyHRLd4TFhChnzU1,5
5NGffi66ukwNBwA5D93fL8A46PB7Rbjy2wRd6hJ1Mciw,1
5QEtHNC8ZaufwenKZuvUk4HCtD7GEaDYc96c2AusTvhP,1
5QxnjtGw6GACNP8LFyPEwihv5Nco9F5xJnbn8Bw7LLD4,1
5RGeq9maU9ayFhHkrKvKFGKbM6apCN78tuQWMdh6eMG2,1
5RdPdM8GmPm5y5QcoC8RQtr7Np24nVN9sVg1YWoBgjTk,1
5S9YkZkz2kyxTtq94KZ8L7ad6Q96abpZaVm7pPmEK555,1
5V6VKq7LWQeh7znkoFCjyxPN9NdYGuxKutVTHjv5jKN5,3
5VVqMeMPPqgBBQCcjKs8gJ7ZAFXUkrgUXyB9QwkBXHhT,4
5WLVfzjNPAdxvt5ExUwVRNtHQ8RP2NCuzsPqnnbNFmN7,1
5WUAGe2LMJXTF5UAce4Sp6zXhCxPH96z3LNjTSMPRyj9,3
5ZDa8QE9KQpePuyaCipvXVvgLYQnG4yuMxzaM2WDFvPU,1
5Zgpd4SaV5Fg6gdnuiGwRjmagSHFaK1EYVTrc6hppkAB,1
5ayfWNjaAAfBiNkTnCiVqA3a59oFUG3NXfHFUudRqfS5,2
5c6nx9TcTydqLftLpAPiz6nrHsY9hS41NDPe5w5jQzwD,6
5czjQAeZEFN9twPDej49smdYww6MmcyHhuvmUScmRWKL,1
5d3eA9X2U8DjYWG5wXsh42WsZdFtbdBdb32cLrVjSy86,1
5dubN6X4GJv53U1FFYWcW8CxifxTabdeyuzMnnT3TrFv,2
5e23DJKUufaEgwa4M5V2bbYv6q2RMPnriipGfmEYdjmR,1
5ffREb952Gi9apxr62XDNhKUAUy2nTEExaPYyTnz9YFm,1
5giEfhcksSJwexdawvyJK6mPoGGDehkFn5obAarQeUuK,1
5iD8EoqLUbckjV94L2nGKUSYjAkyt7QjkwP8nHX6N4Zx,1
5ifGx4JaN5fETKSD9VNVm46YPGGRpg912oRNBY7k3cuU,1
5khiiu8dVpMvzcGvtrRgLVW3bs3FTL2SXwBwJFaAVgUb,1
5nobBTYUSi86BuquRC9Vmadxt7TMzs3UbG7hTWJEiVsY,5
5okYdhZjnoMDqquNYZpvxLztuvBrP1Eov566KghHao82,11
5pwsnVZJJ9VZAy1WFqLHAVgv2vfYAwzVVVdgfs3kHc5L,1
5sfWqXkNq4nmSxo44hKTKE2FCaEkPqcf446jpeyMoWoL,4
5sz2X6BytP7gbo7Xka2tByYQbXqutC1XcWufQvMcjwWY,1
61X2U8aTaTPRyceVekCfFpoSKrJmyKqdDNkJhXYbjiu5,3
62Srhh7aZjLiLjcRvaH1PkvPp23jf8apArDGYq5PWCMH,2
62UobJvT9rrJG6oRMbS6Y7iQKTihQLpzoeTEmHMrwccU,1
62sFAEmVBmtWPmikucxdEhdsRVpu8DutUHxaqcK1PmCS,1
64rYJBUyyGRkHra5acNKs2An7QjtWiBjvk9AviMD5Vp,1
66A3wekFs6NDCYvFEXi3kVmzikK8qZfdUbR55bk5vYRK,1
67ohpCR13BRzZg6REqqao89UnVyU7nqfr6BV5MqaiMKx,1
6AyUcdxwCHxTYUwNNTD3oiRH84P6Zi4ADGGP5vyExops,1
6BBBmfz2gh5ScbAYfGcAdgQkuWj41NiSESonNJBkGU6P,1
6BQaKvrJSG5AkV3h8MsG2wYtxPmfvEqy88AJdymvNa77,1
6BVnmSKn65kkMzDwxajhgoP3ndBSKLN5cAEGj9Gutn5A,2
6BYdsv41nmTzcwuJFRBVioX2SnJ1NaDxCkjAuP7PDg2i,1
6DRhfSAY724FRuGzTSBeeYHhin1aD166BRNM4oRbY4os,2
6E4s53PoSqJ6v7KM8M9H4aDxUTWQWKGFN1XFZy3moPG9,1
6EKECFwkD2C2PXodcDugDvp6MmBwDXR1oowdboAeyCSN,1
6F2BsbVZdsevE2jQwEpWbvqjUCYxYzaxUJ14jtp54BSQ,1
6G29EWiPdpqTJpzxXL3cqb9z4LDt1jTRv66ESDZ3Norm,1
6GW2w5gUxJtnSvHLnYyABiCif8S1zmzf7kVi9gU9QBZz,1
6HwFwW621i55PAGoXpnBJPupEcJd2NJXduPigRdm13jM,1
6HwHruS8cvTexB7ymmJSnTgNyLJRpEQQ7KpKL7G8pMoJ,1
6JWesnTTypRH7GaWmqS8vqF3JiPTGoPkA9S7ToWVV3xu,3
6JqgB4R8FsH7gEdfBsCVt1DHcEMAisqfQAPBYGxeVWUV,1
6K6EDz4hkyvK998nmkaDyZxuxhUKB27iWZNkbWk99Fm,1
6KqDCvbLTS9CUjpKbFnZPVLA2X9LPxiVPficvVjhFt44,1
6KqtUL2Hj6CiQcYGd791Up888QXKZhNDaF3HNWu3TVpm,1
6LZwgTrWecqUKdX3Pk9R33krVxr4KDkJ3bnhabJidkKD,2
6M8Rtfg6B8S7amEDz9pLKDw5jB4czF79thhj9Feogcf,1
6MD7hgasPojgC5stiG6yVGtEErYk4wdZrhBfQz9qzRQN,1
6MLKvkdp9NMi95f3yhodGqDJebpYGn7t7PZPMVhRYoNP,1
6NSeWWX9LHxV5ZRqufu2cCeoa7ftBD6jkUWR8zVdQrRs,1
6NbbMoyiR3FpnNVzhmqQQNZyX8GnST7U37fQpjieD1EK,1
6NjGAaPKi7uPnRG9irGv46793gUYGkhsmjKM9Pwi9ReP,1
6PmAyLFejd4thRfBR7zUHiz4TTrSkBRu1FF62bGmdh2K,1
6QB52iTpuxdmNW5X8KX82bVZSGELjc9KLpiMWW4JkB5D,5
6QTe3ddcM415VtZTevPovYtmFWtpx24pgtcfBhj2MSds,1
6QhuZnM1iiAUAKcZFPJ7ggKV8dQ98MYHa18UGxu8HxdQ,1
6UADkauTM68uwZuQxRCfBj4o1jL1gwpBjdSdDdrB1vbw,2
6UFVFHL41HwVErPgnZHcpC6nUZZywohDMkfqs9ueFrej,5
6VVQttFk2kAhdoK9TVtZFL9zzXkWBH8XV7mFEo9nwpe2,1
6WRXsPvj2X6ZLBCL5ceVhxorwZHkqXagvvzXuyZF3WPK,1
6XGsqjByvBuFmUBQ67mk6QbC2yAnbnqMz7nzWZp6uyH7,1
6XKUbXQBu9P7zNXkMxWQM57C8Ke657H3DUevPkEMwnP5,1
6XtABxzXiQGt6X17YA4y9XGYPovHyXgxXUnGij8XyAwi,1
6XtGM49NahRYDc1sALt1juG958ZgT6c5vCt2rA1KK97y,3
6YFy9Vcprn9q1qYYCjXcZzKRUiddySyjQnpR596UrgeS,11
6Yk2ZJrToDEizerCBFtNRARmozTKgM1sF9trJLZwNcKF,1
6ZWDJ3DdAm2wEGxTN1xbQVKSAWe8TQzwmjEvEo12JG9T,1
6ZoPjiZWA5eGt1wcEBFSHbhqE5d5zHgMdBJ6NE8NG9Ye,1
6aq1aaUjWqQokDwEPZD4qF5k7jsp77Q3GWi4Dx5KtqFw,1
6bVDt9vaBNJ5AMtRHeVhypf8uEG1XqzTyyUgaX2VCtCC,2
6ce3sqGXjosUmUr8VNC22UuqWeNExAcHCSHX7C5mAfct,1
6dX1jqPppFbFhqxoD8R743fcsD5EyFrnNMASBmvKkfeu,1
6ezwQrNphJkPjuUhN3p1gSX5NTn5ux1AVjvCsvMFp4gn,1
6fFRCbbqS7qMJs8pDZWzJBLFo4m2p547hoSZZjdPwWFw,1
6faFCztdb58efwhB7DiNUt4CTLFG1A1LoL8URAWhAkiV,2
6habYiqDYSjqsdUudcttZ1heeNQYB8NYW1atQdjdaJPQ,3
6hqqVFC2wdBMRjD1o5LqYFju78KPHbTU7duFxfEwZktu,1
6hte43XR1p7zto32PZFQ8hettky7KWvqQA8VeBQM9oh2,1
6jP84kr7j26obzcBn8Umu725447suyE2vXHM4y4tLr8o,1
6jS6EDQrGjH573MuALGNpArkAD2zAB9efKXNBcB39jY5,1
6jV19UGnGG4JgB43kdQ5bcRvAZZyjYvZNGmLN48VNVWE,1
6mG3ar8Xiv4TWnhHMPaw3izPPQ6ZzRNKgWQrVLiRj5Sd,4
6njGF6roEaRs4LCxuFtBVim6qnDzMJDbsSqAFreTgS7f,1
6oX4MQFA8mBykT4CJTdMMnzhxTCyNNcVQajmiV9qbvrJ,4
6ojTWAjYzuWdiXrxSqmxRLzzvq5MMe1gG4L1wZ1cfpdo,1
6pJKAgDrc9RNMhtHN4nerRCW7wZSqCoU8doRnj65eQdU,1
6prJCR3W5wEzzYtdix8yXbzRwFBbSDy2hozzgeC87F38,1
6qDtMgSE5FYvzUW5D8VHEkucB2nwnun5EBZgBopENDiV,1
6sevhgbexMaDfaJsiZDM8wvRpgSS8pA9DiDXR939jx8m,2
6tCsCF5ebeuCHG5KogFyfyzNyRj2djJChs2NDcL6ER55,1
6u1iYkGXQ9H6zA1DKgweCeT8Mqd33Biv6Bkt2w9fToeh,1
6uMurHD4Yh88wLY3jbBoDrzYpxJgw9W4WHsmqhp5RZGi,1
6usahg5GgJtQwxX9y9awALmWaWwRfx5Bu1RMeez8P3Ck,1
6v8e6dozeVcEDvCSfQcAwZACn8Lu6Vhr45ViMiUUZDxP,2
6vd8tqVmeDnGW1PjKmo3baJ7chGRpGw1nHMFTQVKjwFf,2
6wRqkJvX2G1QxAgiADB8oHcWrSntMNNeHvwKyimbxsXC,1
6wbfTTRZG3GirXp5vmUjeHUsbQYK8XFb5ihpk2RDtpQW,1
6xJ8yyENmdeKe8tsEXXVATQ48AWqE5SE7AusegRfzPVA,2
6zav67aCwMsSiP37q26zZKkuZEuUzmHDk1g6KbMCMBuB,2
712SiDeTehsbA2QMDYR5XsxHqWe3gCfKTo5Dkzfr8t3i,9
71i626Y4YNbrMthHKDh2BPxJ3Pw2u72Gjd9gUMWfQQHt,2
73tF8uN3BwVzUzwETv59WNAafuEBct2zTgYbYXLggQiU,41
74WLvcH81NRdTW4yxWSwRJgS2vC4HWY1Uyd4K8pTfjCR,1
74mNXHqF3KCqMdAMaqVT7BizVfwqCc9zWHbGzuVGauPR,2
752qLxAfCB35qArESPyEDsfawDYCTxmeqWScGN2cK3v6,1
75DzcraVSBdHfwiwqwaYv39QFD1nqtpggK5A25wyUiee,1
773tEJSL2yX5WGW1PK8GqJRe6HmXmgnPAmZLktSWRYMA,1
78Q67aJ7RRDgJwm4eyvn9XSjB3tBvYHhQKy2kHLg3gaq,1
78YBNtauivA8s5qKGFwnWKPvNJfStfinPt8bsrqdUgKt,1
79AnufFt9w6NQ4YzZE68zrGm2ZW1hsiMcPetH1mVT9yx,1
79o9oBvaj4sdwmYHzCrJZLkgN8dSKVP1fjAKGb3NaC7E,1
79xhAdNyJ32VJNnSKfuJ7tuaTpDkRs2unftfBksHYjc1,1
7AWLc7FhdkhXYvRKGq5HMDjyC1Hxr8y84NLZHaJ9iH3y,1
7DhP5E8c6sPXF53pWJENHgVs9SM1jtUAKNg1wpkTtVim,4
7Dm4uHey8dwqqb3RtmgbUDNVNHeHN5Fuj4r4DrwkCoLj,1
7DqksnT3y6vkzFjdseJgL5sMis2Veu4CDyDQEqEP7Lzf,14
7FRs5nraJ3iKWsHkjKKvdDLbAGpDuyNL7q1jLk2f94xa,1
7GGH97bUGwayX6dRG8CvzPKUoXz61nAWn9ZcTWP4vUv3,2
7HLCSMF9d6diE7UyERm2ubTV34YvR6UMDjjDtqvGGD49,1
7JRGH6YeBWK1Pb7KXxS4WF1JrHqP7VmRD5u6HC18nHVj,15
7Kya8E7zyrKKwm7oK2HX8meWpJ9aSYaAe6nKrkvpY4Hu,1
7NMR57saZ6NKrsq9SVrucV8hapWFQ5m9yCYbxXYF9Xwp,1
7P7czTQx3gmHkAKMa4HfZ5WYfwfNNuvWekzLFjmax915,2
7PMWs1F1hj89UFMWSCVVxGueu1oJuhiXdtrUQRB69C2L,1
7PnCXwgUNK995aKYvcuRo6Uvow147MhoCu8wrFRGZi96,1
7QM5b3j8HjcoviNDgx7HR8SmRWuyY6jfyLvRXCnTwRPf,3
7QTP7yBMTNVDfX4rhC2fkg5DMuKz3nHvMKDZsQ6Nthnr,1
7QycDRDkkHxLXjr7fvu2YnyAfbNc9MfaqA3NGQLWZ4s2,1
7RWr1Z6dJWat4EA4o4WuBAukPgNUrwMqPDyqPfUEKHe7,1
7Rcxc4y4QnUFFZzo4jy67ZVDKkaquxBf3H3U7pgQUPSP,1
7S8sNazcHphTeYR9a9qEBg4YUXYg8BSATQurnXr4zZ5x,1
7SL2CLWXDoQXncS5rmZwcDmPVk2uhCtJ15kDs855Vsaw,4
7ScbaP2D3f6AF6YNZrY7vdNJTauy2Stbf8a6PqaHf2Gv,1
7SePithhW8u5dpZvYpNyULM7mDkEcz1Kh4Gqkpmcqz59,2
7T7P4bNunLLJqafVhVZx1gd4eQhhzxzX2hznLDBBLY47,2
7TaU6nwbiBccyFu3v41kJeYgN4Xrdy1tZKQ2Ee7GcBou,1
7UZ74docQtsEM8xedxf6vikHcm3Xf9MuECmbfsPNeMeM,1
7VZioxJ738MPamjVZbJ1GAqqwHHjCyYbxEhHZKhqcUnE,2
7WoAfCDJ7HcusKoe6PbJ9iae8CzMdY9Da3Q7TRjJKxYN,1
7WyuWF6wQueSAKeJxTefGsarmpT2ZcFmKRCZvRUGtmhS,1
7XPynftqEc1r5jypQRGN7LDxZX113qrujHtBQRHffbL7,2
7YYZPyjjUtJrqi65DcgSXQ7Y1qjYfkCR2G2Q5dqDfv5Z,1
7ZffkAy2PZfKo1gupFgvpx1auyrsv1devo24pVtUMtyR,2
7Znm1rMaX4mxd9iLqtbV51H7iGd8iExL4iofJyyG3c7h,1
7Zu1JJEUzQzQKww6MaPGYFa5xvxs1iA8oLkRh8SKQE1g,13
7a6GJv1FJPmZwEWceXduabVTpctd9uBT9kSxG6vDQAM4,6
7aPMg7YqSsdnnwXyi87kPK4K4jzQpM8A5pT2snNvZeFA,2
7bkbhF6xceD3fRoUWLYqDe8DY5MkkUcm997QtuB5F4Mb,1
7c4hMLhKheQh3EKQqCg8mrRxbXFJfds469wJYK4HB5eB,1
7e8goSGAacrmkiKXssgApAASjR5jE38eiP2pAVcTikFY,1
7eZbK8xpwAzNfQHq5pyh53rv67fVjrWrHRzLRbAu2oSM,1
7gTfiVHoNmwL7wx6dvKkCJBj9Ht5mPHerMLUSvpj8T4k,1
7gfquxyCfaTiz5qtPeeRUXi8ZECueofvuJzwqqMGJj4u,1
7ghXXhDjimLbFNg44dhGk6g6HGYDtetoaWDzFRoit4fy,1
7h9NCcBaAE7UReAoFwSnnEfGY75DvwTkXeYmwaatkKFK,1
7jD5pG89MSSUeFr3pUa4TKwMHMP2EZ3PPVTN6X4BiYsz,1
7jxCQVEyGqwTBTjG7dgzg6E8FH8EQnH7pHrs9TdH5ecV,1
7m674dyMbCxqsHwMDF1RteCVi6a7h1YDFdPC8tBtV8Cp,1
7nMoHzyt7gh8bzbUKDg723afkaPo3RR6ZWjo21FigsK2,1
7nWzq6PoQqshEfgv7mTehZzf1g341W8hgpGGJKUwCWvQ,2
7oKNJBqt7DKH7XtSfAurwSxvBXfKoo8QCvZwcdeXYbdp,1
7p5YFX83ZHXfWdTqCvRDeb7pW7dm3fjNUkoLqnmM6wR9,1
7pdK2V8JxyEyj4hFK6mBk5cpfsMDy9msPVNvM9uhBJfs,1
7qjE6j7tiEVFTe1mXLPFL6V4RCMrmatdhpVLU4WScyWr,2
7qnHfm6KVhp6hW1LhAaTBtGQtcJqtSF4CcD1WKXj6rWF,1
7qtHqFZVbhxRMZCnt4WyN3eJGvJ7ZaCCxBJrdu76qjPr,2
7r4gDAp2vRbwo2MXzxrwU77Ho9AgVEVZii2mxgqsvPKs,1
7tcPjfEWxBCt9XVDk53eGw6uTt5QL9vd7D96rFtRWyBG,1
7tzLS3TdS2wzDCPAY9cCSbx2Yh35BP2WJ8UejjJAExfU,1
7vAwU1GZwfFsiVP1sUzaSnfTTRw95JzJ7Hs2Uu6JQQvv,1
7wCHX6Au1QpHDMXw59o3UmPPMD8GSsUB3KABzm5jDWvN,1
7wiSvSFEdrcE3ExurU7mXfigX2kKomcbkDZDS7RrqJcY,1
7xwbap8tfP7aLZhtGdgJL7oqwF63CR9CvnVrkCVHorKY,2
7yGGwNH2oEFhNFg2eJYYSmbGoPLEXR1nTYpK4H79wdVM,1
7yrdiQQxQ8oChv2ZAPQdnYGy9PoE6QftVaHEbkfHFgJK,1
7zFnGgvP5irY2BeSrz6F69prVj7Myzv53a1n7TocGUpD,1
7zakYogs11LkqybnfopqT5dGDhAQ7DdweWJRQe5Fpt19,1
7zprcaKx2iKaPZcVKV2UQ5DdpqKMKqaJLQJzia527Eor,1
81ymYcnL7136UQiemvfVCrNCTxNyw6Fb14ohDsex4KBo,1
82WMmnwd6Kdm6HsGh9DBPEjdMui6Z8QkVNSs7RbLVPCJ,1
83DZs1NddfB4KQLF8KqWJ4AUwEnNr9J8ueqmrY1LHcjP,1
85krEtvAsoFhJ8WV3pgM7fLBXxgQt9vzVY1p4dmUCtJ3,1
868gHxXZ7J3DE69FDJT56qenQimJp2uRugEno2UtGEzX,2
86H597fSjuQoiEcWXhbPiDqDvnnYYB8unAPDVRQr7XiE,1
87WY5KJTrzgvp1DDLum1h1F175McJJngjSMC5YzPwSfp,3
87d494vTaVGRAuJYsiVmNv81aDVmttGyjG73ssCVBqpv,1
882JRwvyQjERv8wnD4JiswhGhMcynngxc31Ez6siBuaK,2
88uCpVTf22yo4DNgP1RwCjpRXubp4Wpi5QLaXriGyyhz,1
894vnb7MraY2MSzbamJB4wxBeNa7itBhQtPWEMa7QCTB,1
89LMaFascyjK7MYhJYmiDbKCSFaBGubbTDiMuVcyjvxs,1
8BwVxpDCGd3CD3FTL35vkaZHHQ3wMkCVgVDtqnrNwGt2,3
8GcLREsvxgMga59WHDiqxq8jk6Sfm7mbNETHgaxbY3Xi,1
8HD1LEtBmSCfNnPKe8SwhjRBe1nnHB1w7woikfwnf4vN,1
8J5ykAoiLcqCFo5Sn5xdFoqan2omp1nFwzWHJWK2Gg2Z,1
8KX34hcLH7mvQvcr1Znu3w4UNqANvtX9w4JArEM3Rq4N,1
8LXt9NC1pR5uFwjVYxGFBpxQM35oQgnDG1TgPT7zYSvm,1
8MAbcu9iLryLCkDkf5PhNFKrsCQqnRqDJ9rWvK1aj2an,1
8NDh1eMDZjvSA5GghY72rwcX5HWjRCVEAW9wTpYyLfeT,1
8RD7GD8J6eYyYgYNQu9GLEHiWx1mmY6opbnqYw6kG9xN,1
8RHkp2CUAyEh2B8NrcMqLYKEBFjdyiZ8QtfWSi3UPTuw,1
8RTh66aZS323T2wGvqsMyPcSp2eb29r848Zg1HX8pzu9,1
8STy643TfckrTRzHvXqwti6WdFJFuquU3cxyA6K79c8v,4
8SVE2rsMugxHXc56DYbTLqRN5az29fqB6naLBAEr5Hu1,1
8T6FNMPXJrg2nPDiByUSXoKk6XRGPJPq87DRoYxYRFef,3
8UpZt7EuiMduF8Mcm51iyrNiWCMrMpwEV8ZiAsWzKvMc,1
8VyZuyLCa5TiCtADbyxpdovCdwPG79E572UU2hHgprDP,2
8WKfdpwWAbSgz4reqVdLAjmXvFirZeawVhwXEpRJFfd7,2
8XRT6HKuGqFnrwrMwThk1GPbd7ZeNRUKFLfx1TfGth4k,1
8YRJ7Jddq3L4s9ary5SWCuhQZbovSmuGPG5WrAMaRFNr,1
8YvfF69PrC3uCgUwzjSwEYZjnkjBrWnFC4cznnYnmc7,1
8Zdk9UDtX1x6MHB3krxsKzhgWijGNrA1zq9smLj6voLp,35
8aN79JXYdgNPdV4wuZhx2rhYbx4f64r37L5u1Vp2GMbK,1
8cxR5u549ZxH3VHRoTBvGKV3pQci8Q37oRJv4b8WvCLu,1
8ex18MAQnTD4dtywJvKstKBZai9HyWxN9W2RWiRQfg9w,1
8fj9B6fP2rkU3QipcNsCeRjaUzo724kf99KEPGZPZxT5,1
8gJ7W6EY1hSnVWiay4UQXqhkty1H4zZ6ML9jtK6E5yPQ,1
8gcKsMr653m7SUabE8GpchdPcgRqJsk59hpjWADrJL7y,1
8iyTE6PHh8DTQCeNF2EipUEN1aphM4A9h8Edj9jBUL2Z,2
8madvtQDDVCjrA3Hsb6R9yrdBeQLWUL9gV8BqrvSbvJf,1
8osFSj4Y2RpHt5pna619MMu2gL3U6xv3xFnDZGZVwMk3,2
8p6zddxYQF9VdeeoZyPBXqJ7DEciz87KRGRzL6qjY4BK,1
8q8zxA1iUazS2QgGWJhVcPrPtFNEMmwiwEyR622uevWY,3
8qnoPHWBPGXad17FkrNvtnQXA96Wo1mfhvVuE21YoCkw,1
8qsJxYpc599vSmwm1gJhzuiYbF7PTz8ocTMu36NcQFyy,1
8r1iAAuNdGGW2N3RPb3x6Uj7dkDGGbfocYFZ3EHkRSu4,1
8r9tFRpn2RsvyCjRahuMv23QbdDtcnTJ5fvGwgUJ3Fbu,2
8sTDftHyibjPMwX2QS4q2eo4KmKfDnt6orr5ENtkQ4T6,1
8thZqPFyJmLTMuPDj6DTQbptnLg4JrhsaLypUoqobVHZ,1
8tieCZL3hY1XDdvDHuWKQFYz1Ab8KkuuwYJhwMAzsNrW,1
8x9m2VLhzKMmwg71yFEuYtmcBg1Xd8sZb2dkbXx4bLX8,2
8zjmANXNXbUknVwu6JkQHEPQWKyKi7Qw1Fq9YVKqYx5w,1
92WC2xQua9qx139s8Dqx2672Lcyzy4jpT3PpQshZiTRx,1
94SUrVGacrAPjmmBL9scCzMyiAMhJZ28khZYXrEioVpv,1
94uctVniNfyRnpqjTJRqma474z1dff6TfELUGwNkSJs8,1
95UbQZVY4bziFwBLRfkh5wUR8T9KCoGxiwvLZtLHm1Uq,1
95ySvjSLzHfErkoedHo6f4tkJYW6aRtjVhg2AaKmThgp,1
9611Bq5NcW6Xwv6t5QzTZt2MgDFD3bFmzEpW1MRCWWqx,1
96CFXZto19Dg8aPgQjoFZwsAwcLfACfroyxiSzaVuRxk,2
96CQAnJVba7odYnGk9eJLroCFLTtGhMh2yBSyAgMnZ6S,2
98FZXGcCL29PZtdHQsTDt2Fc1EKLUE2esm5USSXF1GC5,1
996Kb1a7W4mqbR6qxzEDBHJtaJv8bnpWmegLJxMtpg3R,1
9A4HNxdnjJey5cPxCAfXsxEcYzhx8569iSFDHL3bGDPH,3
9ADNDZnaLDb9BuLN9gc1eE4nfdCk1TaeWtkC43mznaez,2
9BKsAc977mUtDUhX8ft5gEo7H82jf2mmLSk4PmCeZ4Pa,1
9BmgGH9kifvaSpvG3xZfQhJ9Weu1Qxy5yDMnVpfe6Zom,1
9CiTVgvJrwexTgR1JNAfpCqoCxCCQMFf7WjLt5hvmJcd,1
9D2vnqBMVXgrW3CFqbnQ3NVnsHXA1bjaxdsdcpwpnz1b,1
9DGp3FCP2wmjhrWJDrUxBTFQj2jnwiQHZPDq1P3A8zz1,1
9GiiE7aqvwqBvPnwJqN7R6moa14EiKireqgx3fMZ4SSM,2
9Km3DwmGHP9V33G7T14KVj4cRkyDLGgq2k71VFhsFCQo,1
9KxRcTvvK14BEPD8oyFHsmdMkaoF5v1yQDGsyZJBgtAL,1
9Lu4VCUwHsB1XovBHCW1u1PViJfUAK3e6sDaFf5VojK5,1
9LuHvYZCqogTACThfsXumg3Fsmhof12RWESgZjVKZw3e,1
9MTXD2Ky6yunyzAp1a6ynzsAVfztsTWpax2xczmWVJmw,6
9PngTaYDzsJwcKaboTVhKhqMgrobEXftwmFsvknND3kD,2
9RtNbEZ4ZR8T1HFF4cujPVy2kejVBKFo3CPQi8psSa1q,1
9S2x2PvoBvUgfhRAtdfN4CoM98m1dZGgvS8BbT1z83LC,1
9SwAA6BmG5gdmdyHNNoaPaUJue81LRwWWYJDPnUGiqgb,2
9UFMEJBUzjZBNzqc4FgrcbT2GibMMfpSsMRyFHCMKLE5,4
9Wjnc7ne5fLDJJDhP6V5Y9SXEvnpEJq8UrCbdioZ5cj8,1
9ZWCXsiLeiaRCRmtnZh74Gityi3s88Nfmoo5LbKQncsK,1
9ZqsuK1kGGQrvnFFWeQgiZGUNy25RUeZkmsGWQnziSCg,3
9Zyu3E8yywSR7NT3F5Xx4DUj6vezEBHSCxzgeMh2m68T,1
9awGcDkxRcrrNfK6nSiE1nngAZ2WnoCTDmw3mQaAEqik,1
9bPqiczmo17LLrMDZhT6ZMTGkQhUvvoPQ9sbTfudPmgf,1
9bpjz58ThKs4Po3jWcXzaQENhJ16y3t5k2B2EFw8rEQq,1
9chSb2Tb1E6eqKzy7GmZLEaVaHXzeSPLViMaTfi1oMLi,1
9dYdGyHpppytiUf3cyCf9Pw1u9cmrp72dkFz9Tg2DQg1,1
9f2Hr7iBt5DskgF65wDJ3CY4Ra3wF6kDMPJB9oyCJ17S,4
9hYL8sRy7Vp9gapZehUx12Sb4LNy552eiKVSjAm9UDdE,1
9hc2J9KVo2znHLwDEMjnKtnYDhYpJ6JmzmFH5w8LvRUD,1
9i1z3fm2UUn6JXfiKYknKE8atruYKQRmT37Gth8nQMp8,1
9iGms7L7C52rL9VuT82JnqsTvetb9TX7KaKt8j9VLiKm,1
9jLurEZFRrRWxgLUrUKfwQY7dcKFUNkADwMETqn8Gr3L,1
9mu7YegbcFreQQoPvHi1Cxd5qE29DtANkoL6XSCBdrHQ,1
9n9FLygR54MN6PC2Vwdwu2GZw5cyEJLBWfFBN9ApRPTk,2
9odVJqan3vP47i4AobWPsdhCyqvkTYuNEEE2gdMQDdeM,1
9royTzMYw1R2HkzPSFSTibLtSsPfKa1AffyvqTZBZGWL,3
9sZoyh6b1B8zV6sjZTggtaj7krhqf1udfccak6Qj1Fjs,1
9u4jzfkFFeeiR61WfBKd8QRgu6DEf1ehQbReqvkRmtK2,1
9uDdkQWKuKzbe95ajZ6XqY9EXzhu7uLzq4TQYb6nfmZw,2
9v6W4VPn8UM1JEvBtWZA2HftZNRc5KChedvt6fNXtMiW,1
9vSsDDaaX3MHXWAqntRNAShUJCVgjwq9yLVVBriRud85,11
9vkidjA8CrQJcD23U1YoPD4UQYUq9WyVffCDuatvjFBA,1
9w7wcw55UJ7L84kgS9cmWNyW6ncznJjrqcQz7Y6Mgdux,4
9xz3WpGP7VZyoiVew7VTMqNuR4DnFbHtgfsg4Kqqairv,1
9y1kh5Cazqg6A8EBSwNHEaqfNfzCZkSx5thhhjMRuUHC,2
9yaUmjp71fy24xxoXc7A6AQpm9wBeJJPqqb9tL5QixZS,1
9ywJRzosH5Y2abXCNpPeW1mq4VYfjCTQu5ivfZ39BddX,1
A3Bcpaub97FhXDS4LxgVbinwTwswTAwEhMLggNP9uFu3,1
A3N58dHBQ5KjLZ15joTpkYDJghmacK31CSDnzZb5ZNKh,1
A3VdEHriAPj1bLEy1Z3fTdxJ2LZrVYzwVGeE23cKpQPN,1
A46BXz2TeXCtivk38r4MKSF7RRLvg9scH4rTmFutQ85p,1
A4M5DNmbwp2FUXsry6bYVVWUUN6RWRs9F9WZNwPLmDHy,1
A5YChCCWHar8xGyigjZnpS9esjRLSh5sVR1i8roZVkiZ,1
A6WRtmiMk5X1cVmK5MxbmXgE3ky2o19xd3GoQG7fffQQ,1
A6gsH4NTzg1fSrs42f3P9t3ym2DpRJAs8TVysZhP5Ar1,1
A74wAnQJmfGN9Y69ZoBwKBkBciQqe4eCYhhxzyiA9uny,1
A7w3N1EbMf4xCB3azymVdFMEssPo7R8hQnVDzsFuCAtP,2
A8WP1eEhpEzFHTZW19J4wL4cRT4rsHsufsnaHM7mhAi3,2
A9qYmsBhNfoKYrp6NQnW3ZhgaiAQc36RhBUsSXW3j8ev,2
A9uTtCEudBWT667FbgegD9hC2jKJiBjrjNQZBGH8ft64,1
AA4htEyWe1FBE3rv9p42G4mucwyPAF997bgeqSVoNa53,1
AAyFUeWRQKrPPv3vUQwuUy9K3NmKfAGk6UyksDcq1Zmt,1
AB12vvuST5T47GZjQnuLmsPEdi9JgKZudUpNzA7SQciN,1
ABGQQQw8XwtYTTRgAL8HqwgGQSHwZr3PpNtkvwJURHt3,1
ADEiePaczxgNAerKQt8qLTKNrXe8zE6UZPPVxoPawW4J,1
ADieq6Aqv8ta2uJqWkLAN1a7aYLG3qvCjzKp5mVzJp97,1
ADjwcaxqwFQva6YKkYLqaamw1jL4dZSAXyfzBz9fY3bw,4
AE1fb47FdhxUqsVJi6bjUAAixSXoxHPaB245wFs49JNU,8
AE6ybVvEyiiwLKNXuWpGFUxm7id12h5ndvEZKr29fFSM,2
AGe3tJLiU73YScb3BrCevdANNRtxMaeo56YMxWRH3PrU,1
AH7QVM2otfNBgRWEv9pLc7ZUDg7ZtJTZxYmxqjjPUFRT,1
AMZvT35voZiZ9qQSs3cgHmFkg1zhLvqVX9Fh2bya8MCH,1
ANT5YW1DYsXfosgMmrN6vKR4pLTvBAfSLeMfH8wGx6QD,2
ANUkikZTPfEoBrqtveRAeNkvVqZv335H5Nvspm6u9Ghh,1
APuxQgMLdP8pZk2VzsppV9eUD4aQMmsCieWVyU75LSgn,1
ARv96y5dR7sNzt72sxpJjs9k69xipWjvkaorLwVq54qY,1
AT6BFp8ysWPEGTyzrVhbLXiGzNo7WUoDHp8zc1WmuLEc,1
ATUC5punJX44YZhSBDuvGwqc7gTrsVEXRuyPT8S5gj6W,1
ATUzSjqdeGsDaJZK5DrMUjcCaPfT2bMCZivuCZxqW6Ks,1
ATk9xMnm7xVFf4emJxtxoy21AtvmA4mrqNgW1BR5UQpB,2
AU7KqSDiPPNU27uyWMy3Awa7EDdriu18DQkHtBveRL9q,1
AUFT6X4VuqYjcQt1UpWy3xK2MnrmGVcGaSKwsBfnXQtV,1
AVVjPde55pHiTjMyKdke3Y8owPmyDx1LVypCeg3YMmT2,1
AWX7N3zjr4KWvZcdGzgHTQEW7UeHBpJVACdLfKEGxj49,1
AWsFinr5zvQPVHbtyEk9sGiznzvkCHesUkYyTGeE3mnk,1
AXUYMi95t4mwLiKKauhHJqBnAxQY5CD2wbqxHXXNXMnC,1
AXaz5DHmwMYfyerykUk5JkNHdCfkukVSCCLnoCbC48fb,3
AYAMhpr1PfF7WRiXNYYkhBhc6tiXJenSS2nwhEdcG2G1,4
AaqnF49vZhAsfPGX9wX4bnqGz5vTCW2jQyDDv9aaPsis,1
AbmhViRatKLGPEEnwUTCyhe2T7pYH1ujTT8T8RgCtZeX,1
Acv9co2o4FSxwzMJUVZ5qsnPt9MLbGkmLRBgN3HczTod,1
AdeNHV9F8F928GQQKBfu6YCBBCjPGXpgJmaNFKKXaf7n,1
AdxUi2mCAfQEw3BzHipL4gEsPUmgQfUBKXiECNMMs22N,1
AenXHUqszrjrPSwjK7A68orgTA4rwokwKvTS36RRAGdp,2
Ag8HmmqqaD7nfEAsys68mn7NGdFdfYQsuPMCor4nEruK,1
Ak66Xaeu3mpfWQTEQAU7tGrzDQkUAFNzj4Jj16wXfyHU,2
AkDKQxMd1ytkN6251LtJ8dDmC8H5XGy6PWxvxiMbJnyU,1
AkHofjamkL2AG74EsvHtkwCyzHREyQycFkMG76esxsJ3,1
AkWikpnkYdR5sGvuNY7dGBWBELUo7DxmXafQ3K2PRhL6,1
An9PgoB3s9T3TVC9vipP27wsPR9aZx8xPn7R6AbXojDa,4
AnNZLvfza3ffTMiMQKpkGGi5d8eAGkgX6te789SHZWbg,1
AnWPwJNPLpNHaa95gJUbRtLMRH4MZ3f1PRLb5kdoi7Wj,1
AoHBf54zrff6v11gVCdEH6YU1ygQGGChaXNsjaRYmpDR,6
ApGei7HsCMrYo9WDNUCyi5XzDEU9WWgKssxhFgMzfPKe,2
ApSubz6UU8RDJ2ZhjJQdevn71gYAcyH7YgCwLhzoBgdU,1
ApV5k7ELMRhRDpiJ6ScLbb1Co5uTTE3Z2ve1u92HUhMH,1
AqGQ8mvvKBvm8A4CkMdrahwBzSrZ5jHUFokAc6aLUnEn,1
AqMZtBx4MHEFyoMzJKZLdsyWwXSdLtAiEFJWKVh4gEtS,1
Ashafihu62nQK7PisVKjytHtsSLNEVtXbpcLD4USvzpm,1
AtUUkKZj3gRbpyEBfyCfbUvUkubAGLKrKoz6BqrgXqzy,1
Atp6uadUeFADQYrnWBMoBpVkMFhziBLNvQrjFsXadAMo,5
AtqSq7h6Drk1nHAdgJH2vriDmqp7DuphNAmQnEKAihkZ,1
AugAcENx8ib3L3SEc82nJ8UA3E4bsAiogjavxva5HvZq,1
AwqWyRLo7tnUp8exz1cfF9ZDSnm56QLS1nY2u6EVrMHP,1
AxxNsw9phCXr6iXSTX1rpVsFo2ShoKqFdH5iHCm8jDWC,1
AxzJaZVN7grkmrjBTNtef4Ybq8xPDvTTZgLxwKD5gLTP,1
B12oJqFevNZNA6kRtjmJPwhJjwa3s1UW9HrrnLafZi2m,3
B14Yeb124x4QkfcrEej1zdzLDGk3VuVU3DeHjspE1XYa,4
B2xHAEupwfcGLvmrJZmrsAFdC4qoQRpoExjn9uZbDZyH,1
B3MQ6AA1BSKXmFH6bTH8Wy7zoJdwtPUWnptZVdgjz6FC,1
B3yh3jxvwrdKMifnhdF8WEzkhhmZJTBRaGhCfSnbkZiS,1
B4f61iyVgMtTioVf3WivWoRSmoXd7Rz1FW7ZWaqE4ke7,1
B4tmWBUd2uQWC4casfpvrfGjEVU9s627C57sbm1ohEFF,1
B64Wxx1gwzE4XR9S9Jkd852eN5BEfTZk6Fsn6Mv1kVfk,1
B7WWKtKVvH1kK36tkQBExLgofb3KyruDo8uJaXhLEioS,1
B7mtfSczq66KYdRYKBpnsJoqcgYm2Y2rgavDgpBXtmZh,1
B7v11riUSxCYF4cLZFzi983pwQM8zxWGzgToUvqfpahW,1
B9N1yoXtwJFgbyNfkCAXhyaePpqJn6frnWyy8yKeTUqY,3
B9TUsDmRBbSyR2H1s5LfZdPfGGyGNF3x649sVHHHTLzG,1
BApJjAgnZGWkuPaxiT9fgsJW3bGMKRtXWeSGnreMCXub,1
BDSmX4TnqNRsXgtAezGYRBJAmU9MdW1Zah4xkSqtDdPe,1
BDhPeQZW8ggYcAXjfSQGJAnagi7hgwzUg6eqhjdamTP8,1
BFUa1VLjsQRvNE9jukR2TDeN48gAu9Yi6KxiD8z6aW1p,4
BFxVBMsQWZs8NURYWQMDi2kZZyZVMJ1ocrfYsU8vR5Kk,1
BHPA8QTNDpJpUqDjrWNzNH9jESMAzXuyDb2vLpxP5p1D,1
BKZzoz89Bm6wCpE4phHmcNSCGdwScZWMty9sFwDLVbiG,1
BMsCmMu3acVxm3AmMPLk5N18d2nWso2iHR3wdQFzgT3B,2
BP2SaSb7Jszan2j4Y8wsCBWsEJ7R2y2Fa445i3Lgwp92,2
BPbLJQctoGCk1eEJSe8WndNcRVPqDZJEoe7rjuUVuuTe,2
BQHeGeVx1Wbsw7ScXEzAS1dP7fVCYso8E3T4KXxv1Vin,1
BQhM8wRkV2vAYwKu3wUFTMvY9gakN269Gso3Kp2Xydfe,2
BQmCtYYdDEsMWpqjtnZy5E4qLpppAMmVrHPcVDkbyTKQ,1
BRTerruyrFimodo8mq1vZBqrqgcSegUBSHcHNUQHsZ67,1
BRjmmj4exoR1yBt2V18V297eTJehcRKMBrPwtTFsoDrv,2
BSiNms1ExcnQCKaqjBZYpUM6ekcjZjjzyfdYBEFJH7x5,1
BUpmGSJm98kz6sbUPNa8ffUzpnpTtRnrG5d2N55Kpoqp,2
BVL86gc7UKEsbNjmyS9wNXAosyk8TUqKWj3NQjMaRBPV,3
BVqMhgQWwesq1GEiaWPGcfCs55tSujLmNMaUXCk4if8V,1
BXVSndsy5LgRFk1GVrU7M6p5S3UGNjvKPDwR5pQ4Vjd1,1
BXWd8kn9GDKY8m4AQQY1Auqc4wwTdWY97js2n9MQeB4u,1
BYmZ5aWdjurV3LnSdWBgT1cKsB7WCmEai4dTPZDiTfH5,1
BZDBpghL21jvnBwWzKq5Z84cDVy9y8T7kDKoMwYvwZns,1
BZmnuRSgRDVNCA8fPU7Sd169ehZpWuriEaDV5xZ8tXZF,1
BafupCSWBUeT8A2eKQToXJJ41GQjTXNzezzUzgskNKMt,2
BakvaAN5eErUfkbrr5u8QEXJpw25TWt1yDDbymHcQ5wX,1
BcqMTR9UiRtdA658A68HqKpQV7npxZEcXwGzL4FVVZ9u,1
Be1KYp54DfUuuYnhdBi4anoptKQhvyQUhe8KsQSij88i,1
BfKotkjrMJtRdmr5EiRU55SdZ8SWgrNqzLaXAXjYtdQK,1
BfeqQwfDp98Ntx2NnjpaxHW8P6N3RnJYo5fQtmKc32mb,1
Bg2DfecvsPshBt4imWDdVr9Ec1NQQksPLohr3zdxFFNp,2
Biw2rxCE4gPgdE7LKZfBtqq3QX7PbvPqxWWJj1HxHsWE,1
Bjm52T6KghgsQxfgjg1KoezmETvisFFA3uKkGQiGRa8L,2
Br4D1MBm2UJiU7pqaionigwT817gFUMJWxicuWqBhNat,1
BrLVNZg6X6SMRgo5sZtYwZ1fLXV4SggfHSe87Z2TANdF,1
BrgKMaTApxWe1ansjPs59asqDFKTeZphxDeJjGsmK14u,2
Bs6kzGxrBYNrtaN4RH9fzwFuJD5TLaHrzMiPeXkRu35v,1
BsMwgkE6xC3wvw6BkEiSBNEqxvp6QXYg2zRcbA4Ps94w,2
Bv1C2nZ8Nvfoieks4TUXFnhpXU6nEFFUa3RLPjNJnStN,1
Bw4SuA3ZSsKvAJVARerVJca5rvKkRQvtT2hNrYQXcFmR,1
Bx8dVS6fGjqX5ebBVjQDzS8pk6mVPPB9EFLdnFUJozyJ,1
BxK3xqYV2ruUAvKsjB9phXd4ZHzmbAeYbvuL2E4DLgiK,1
BxVNZP3CqtjoypPEr8upRFvzcPoCoswYcJ8WFkaMwYvn,2
BzmzYe6m5yxkSNAL3HauCJS3UWhpjhosdD4W5GcdEjGv,1
BzymwXxwJKbnXDnxsyaGPBuv1nS2yjdkM4T4gvorhKZp,1
C1HPDSAmpEsrpwDtobbHZGjJUi7svHadASKh1rFZxekE,1
C2BQykfe46my9nKxAY9gKkTf7p5A88hisvHjyYqoGus7,1
C3hawxHNhj93frWhC7wAbnNjLs7LctoRtHjUJ3VQXcXc,1
C5A2XzD6VbXbAx2qxh8A6jFR8bqPWcPXbWPuZHc8wms4,1
C5p1VK8Tu1qmZCb6xsksPZvdq6NbCHNfKL8dABzWmRTy,1
C7QRiHpX4n5Z6B6SVk7fw5sHNqnoLCtK79XerPpVxpTA,1
C8j6LD9ZjiT4ywTzCiuHd1U7UP5peVvHYHSWa76FKgN6,1
C9vM8uTFDwdyoursZxs4VbRfZ28V8LzJ6nSBQkv53pEw,2
CCkJf2TjP47ijcDSmnSUCZ1RkDwKDW2KfKHStSsyGZxt,1
CCtBMp6qohfV7Wg4VtTBgFL3MACo1Ls7Rq2xM7ENYFjB,2
CD6viRCzNJswRgL4PWqMVAnvQt8rP6qQQgJaAZFzn34R,2
CDDDm2Z2CiLR67guVE3BsuDCrX6DdPwaHQh8Q3a9NyWU,2
CE6sPWqcPRCUHKuDJjxEykKLHpFgTNe7qabeuhhauw1C,1
CHB24WEDziauubhvEstZTfZBYnGpLBc8dgGkew9yY8Vv,1
CHMY139dmp8bviiaYfgVR9LRkSD3ruxPZF45fqcYDHG3,1
CHxrLFrMLwRmX38jTQeVc7rdTxeaYdapwwRarpBCaLCB,1
CPHcoLdTeK7MXpjQutWHXDnNGXXqyk4XyPA9uPSN28M8,1
CQGQxShHdC4S3bz2FLznHvcoU7gQ7Fx1ppvUVpsSDKHT,5
CQy5pNuqMsgRGEo8nzeoShWKVF2XmyfPmqByctwP15Ls,1
CT2k4eB3xQ4t9k9M5pNrqWmhjco5FdcnYVfYtzdoo3yS,1
CT3kJNeZ5MpoDjyoRnM1dteUkbLpyjvV83YL7hGb7XJ4,2
CTddWsKnvVH1mETNbB7DUNyH5Nt7BeyE3j7UYmbPpcDW,1
CU2rt3yoHx1Ua9TCBL9fgyb3J4MNmNMGCpwxMsQxUBdV,1
CXRu7djDWSZZBZFWgEWA2hV4MJNDVy7mknbE2Lt58bCj,1
CZk74oMnpoTHmjKuqACCUM3wp3euGqHDvF4XZh3WnUCA,1
Ca1HWf7BDZsEx4ZE1fRGR1tjnwx8d4GzzXCV7dLBoBko,1
CaGWCmHzP1tg6wRHXnWcD8U5b72ahCmTu6AUZ87GHEdr,1
CbXZKQJqYpMQCY6ZWexEhsaUphfRPGsE5GKfTi9VDCQw,1
Cc4LLJeMQi6pxReocfTueWCqd2T5VjS9LwDHXGwiVEFY,1
Cd7xudBPN2Eecrb3tvBwDwnVgWRbdzFHtTWCFWJu5s8,1
CfMkVeHcSzkNDmZu7dVeVLf3T6WEDLrJnXfi8ypE5ZSw,1
Cg1QDZNQALmc45k2Xy9fh9NFsXvgAYXUZnD986rC6GC7,1
CgSgw31DxHxUMEmXdSetKn8nX47MNCAi7s1Utbre5fyX,2
Ch1CFqJ8SbmEyHdgXeozC27erTPjmR8aoZMkvdsdfvgD,1
Cmbvb4jYLa9ue1DZwuWjCJMfCSrnK22vGbVLnkXZuyWH,1
Cn7MvNd3wLDVeJMPXK2q77fJ6m7sDHsrv2nrokXGyGQ2,1
CnPdcDxRUXrkw58kFVwVbLVFZky2kxKtZmLwFZ1DaRUG,1
Co4LZnXPJfhtEUBcTy258rBN29ANRPhjWJNRGs9cnnZK,1
CpHn4opg9Uitd5HjdhmxpBx7nLrBzf74vSqxcb5WTCYQ,1
CrBgcCEarWUA26xZR3CLWbGt7KJwySta1s15oC1Bdz4c,1
CsF45Cg39iwxvwG6ts3XQDqrRYa29vzW9vJKroHQgSvS,2
Cskm3t1yBsVGMmePzVedvj4BGLnMr3mk9AhFH82CbDoC,1
Csm3GcwH8Za9TRWMtVEieoPk3X5Y5dNE3HmWdV6sYonu,1
Csnxy4iYUDhVWTFf9oL2vAi7MVDZXMSQ8xJ8CcEo8V7D,1
CuEePFvYeFSA9q5afSp6bRKc5oQUQs1grWoDbTm5N5yJ,1
CvWCLxJ4qVEy6qXya9EZnZWZjAgnRWWFQF6iFcJxVPPZ,2
CwEaw2iBqhXTCuNDabVv2d6a8aubB6Qk7kSKjSxywaBj,1
CxVTTpS8CCmcmp7v7E3VCSq5sX8MbRC7AJFmaD2WAbFb,1
CxmjMQfBAmy9zHprteWmYL7tnCxUSrfkNsEqBaDCF8wY,2
CyaTqEW7fPr24xqVzfmFTsjEQV559VcaYtuF2trcxer1,1
CyrCyXeJodGnGHmoGruyuanJkoFBYK4umyy92CjEtyJx,1
Czat6VrmGSatD4Z9ymTJ4SswVSJDRwRCHKJtiRHuztBE,2
D1YGogUwPq3JTVyRTX3iWGKZizaoPEmKEABpT5e8CMjv,1
D3foBoUWhqNtpB7H5LYrPQB9zoZfW263GJyujHtw9n4n,2
D5T8gJrGMQFfNj3D7jdqt5YVHx8TB5q6v6n4jTWE9jzo,1
D65aGpfJxKoEwGAjo1bVjoFBmPk33Z1apR9x3AbP2LxK,1
D6T7xgLd6EwVrTXWpBHSVcd394HEjMYUHvP7roUngnop,1
D7C7DF5TzGyHUGNs68M2HwDwMxxxKEqqjdJHYLUZ6uiT,7
D7FG3Usyvwh2t5Dytrpfbh2nZwLY7RgMyAS19TDXCzMd,1
D9KeYgwBCMSUiLbP8mHwXXh18DnHptf9Rca4Wn9UwJw3,1
DB2dZAKj3P4Bdojm37mySRtJCKsJ7s7PMqfwegzeTegF,1
DBgd3mPF3kH1a9zB6LkCBqKEVY4VgPSBwBoe3w2ANf5i,1
DCUtSPzUnDuxjZ1Uv6MC2dDGhWCxsB9QwkhCkxfbPirD,1
DDRe6Hnsx223n1t4gU5QLYhS49ymf6JTLBBDiYPr7o1e,2
DDfCiyKkJLnkyHR5ijDZz4vU8pNiCSmRnXL9wvUJeP1C,2
DEHAt57o3a66GR98Mc3eZrMtyeh1TWj1bQnm3FnoLZo5,2
DEg8Zi2aadCJK7DaHeYNXFYN9npZp299U8LvmXjCs2NA,2
DF9qFbnK93mxThmCkxc5zZJ2JLShKU8e3GybACSAbwWR,1
DFCsk3eC8c4VLMSqzzBNBwPsb3jHh562GnnMwY3jRsck,1
DGUJgDwcVqDBRp4foUHQYuj4iLJiXq5hfuGSUEZgEntH,1
DHZnzDYatVKxYhL7riFYVAoHpf9RDFoHHTb2a5X9Hn87,2
DHfimJ8KArvWzLeeERJQ9bHvp46umuj5jbHy33UtyZn9,1
DHpn6DGCWcEybzbVQbZDUXuVVGTanoBHzcbSEyRUnDpk,1
DJV7NPaPxyTNqMfjayb1e88Lmun4RyYYmVGFw77MKA1w,1
DK95F23uAuay59AkD8t3i3vQNuNZEZyfVCR7M2CXRyGD,1
DLx7dYRHn6PGA1MknnBaA44oNN32CWpq1qDtD941WcC7,3
DM3NSTE59YjKRtmNzb7n3oGGKjN6AiWBT2Ph1qWNqiyf,1
DMNfhZP5DQfPgi93R3WXyXALkfKgM23ntqesdutASDLh,1
DMb5KgXNt33UgLRxf5rrEsAs3wsM93DE2wESUfDu52ff,1
DNhnujD4VJsnoDLnR5n8i9FsgDzp2w8g8yJqVXXM3YHu,1
DPeHNSSsvwGwpQFatRYSb66UmhhEPhTUkMYgcN1Fchse,1
DQNfDfHbfFLypcwEPrrx2Rij22qzgGMRiVekVFb8opgR,2
DUD5dFADei2eE7EGng9DNCM3csy6vuPchBLj1K3FeP3L,3
DUtFTE5qgFoFmgC5anGk59BLEnNcKNSFLGr2X9AHvCV8,1
DXe9GQg9ksRFa3yH5yYr6dtvQk4PQUWtDFdWDxKtKoRq,1
DZ75izacLykVvRwKB25HCh3c5VaV4HU6GQjBEGJpto2U,1
DZPumZfKXUP2ucnKNox9yZXVvQ4uzRUaFoqF5XvLhPXh,2
DcUQr27FMmr9UCmdMGY4Y42ghwuvE9tXaXzsQ1L8hCcG,1
DeH3dUhUAmtQ7f8PczkjaanNTVLQqhJ17rcrnjMASC3z,1
DePy5Si6UizzxEnD64vQAaJzAsjxHjRbdAqe8uugFyeD,1
DfxtKUNXcabe8Y4RxdkBdUd49pef81Nb7y8RZngWwAju,1
DgPzZbtmxtLmjoTBGLr8kRN1CmDa1FcTmoTMaMBPd2Tg,2
DgdCaJNmjeua6noy945oz4GBwUMC5x8GSBxFM7T8NNUy,1
DhawVHP5wpYRXPXcUmyfCYxvXKdvRhki6sqkuuGGkDzX,2
Dn4AZX8J64bptwqMQt5nrt9Da9dt4rhxkvBJsHQ5nSvd,1
DnmFPnE5awaed1HimvKNBCJkvz6zi9WCaqnrvzM7d8PR,1
DpedApiaDo7JGF3Pa2U35LB6f4eia7xDTBsH37ruAn4Z,1
Dpm2zWv2EBTicKuN2zBKnt8eQ6XwsjdP1ifX3oARnGNY,1
Dpz5fUa8JXax5f2VGY5YGWnGDbc32A3PuSFxgyhiTqqu,1
DrafdViHfLBLoNqQowADTvWzwFgSDwweZZG1m2CeGw5B,2
Ds3JhTpssLZw65q4Eeq1Q47gx7VBbmdtw6KdpfPo8NuR,1
DuMboD9Ni3XLTfvAoRgdruLD2mKCYRPBKWzPnFEu5uXE,37
DxN54AW9f6hk3MtRCewThPEc5tz2Sib5JpS4H2Ku9hpz,1
E2ijQVgDCnrUDPD2MF6pNLxVGwkmLMTfLSXTgj67kN7y,1
E41J7ziGBV7o7BVpKUpd48WyueGrj5isfoX1fZrBSH9v,1
E5aFVgH3REJhF5rBQD2yTVp5DLNR3n8NesneHJfVfHBj,2
E9cR5LJQ7eJ8esWChhBRaSNThyRnfj6HHorNM41RoZcs,2
EALkHhVvaGHsuRwAfxesGWHwMP55ivVTFvuRMcNrwSke,2
ECq66DgZiQ6ZeGD1r4w1xBCyhQHXHBDP68ttTu3Yyzhn,1
EEqWFdLaHp34t5GR5GMKmisNebMsmC5ZeoLse1h3Hmdi,1
EG4eSBZPZfej9eNZgRABNm429CcFhx1TjBopaNBCH22d,10
EJJefb3JnHGsFTBvb1RpETYefeb5Q3vvr1JvQiXy9wXf,1
EJQNeTMgQrkhVn4CpYzELMgCrNeR5YpWFBhk9ZdKwZgK,2
EK6oHJ9kU79oJL7Xx7TLxVXNmy8QNSPzfjPCPEHcUiLg,2
EKNzynZRQ7Q9dmeUpuMizbwbUswnrjCFtBDZrakByWq1,3
ELBWDckWmTEWnsadvNGLtQJBe91jMwNafxJbRdvCVF7j,2
ELQ4W3nB1Yysk7m2NwYVk5NvHh9dAjsoB4vzV3n8Z9ut,1
EM42RkydFaRBBB77Gm2tzrXDz1TJkzuySCwBLd8xwf3U,1
EMXRVhMNVBHSzXdi6U3CLh4TAGex6tjtry18Wmu2Qtgb,1
EPSd8LrWXdd9t44GD5nk4y81xTBBoYYPToF8N7d57zC1,1
EPhWVVFfyu2UbmowFUqqg7Htq2dt8rRjvDhq7mSLmKq1,1
EQYK7jM8d9K6UW5HpxWw9KFN7Q4kUacP7BnPxr2eqgSw,1
ER8MY8imeRkRCis8cNKmUZGmtSFpfVs5QkP3NrtyYM7F,1
ERLuCBfxTw81apaH7S8niqQfbZVBQgKyppjg3WdjCxgK,1
ERrznCBcv946zdfxu1p2krYizeWfpAxrx6mkwbVQZJK7,1
ESspfEy4R2GmWQksBBHPXRa1hZ8eTfcxsjE9pyrGHbTc,1
EThAKdSL2kUi6P2BuogAV2VZE1Ky9d3KZfs8r1S687qB,1
EVUVpxE4RKAvhaEkB2KdGWrfA2atZqNszAPffP1qfDwU,2
EXEvWkGprBsodUEwxdP3dLDXG93f1upu7Sj8reGFMxit,3
EXkJ7tHqpg3xRpR1bk45uVossvyaEnDom4uem25Kjhgb,1
EYW8quBLqPATvT3VCv7A9NS9triobeVxPNo7CvX6Xb7U,1
Ed9xdV2sZmtGm27yXkmcNDKN9givnqh1fAqSKVHUEJPk,1
Edw3TXm7EHQYsWhz6h3cmzH58jeDH2PooqtVrwVVWRCj,1
EeAGK5WpA689n2Ge7RHpPUC6S5q8dXx5LHrAVL6uAZjU,1
EeByBgmNjxo3gC58b1nMzqEyG7XZonPzvomK2mFUpkGb,1
EfJSC6CFm4ocDzLuStvsC8zeA9TpfpWYxQZkAUQCta7q,2
EhGWBQUZ1feY26ux61hc8cniyQ71dzsCj1qLk55Jmrj2,1
EiC4NWjHc8pWsKSpi6XUJ1Asex6rywhXwSR7pa5JB24n,1
EiKybr3wsfjRjHFV1JeRfHujBHe5V2g2xjt5PtmLKo8V,1
Ej3nebwmdw3CW7CGNmGCuKLsSX9B4hQRWFf36GDxonmB,3
EjjFNE78f8R6Cc5Y6CTTMtiahXTxFoF9iKb6deJpWKeS,1
Ek8wopEBWmVU2rXy1bAUR6BrY15sqmDHVDPBUrL4jFfQ,1
Em9nJxtPyVKV6SLiq2S3Mw2K1vGdUJtP6bf5qHWpgbdp,2
EmFr12QKLVbsGMbY5aB4EUL9UByJYgQHNfMhjUZn77qF,3
EmRz91jPDewhvat9viT2tCUM3p8jgUcZEBqJYGasMpmS,2
En49TPv7zztDxoTcxsxaUgLDSZcotDyY5Lh5JvCkRCYi,1
Eo3ci6yirom1xXnLXij49JPnvWNqM9KFTNiLxvY6o9YS,1
Eo8KpcXnYV4i2U3UEo9ekZgNBwhdjLNjjxskMQxzUMbw,1
Eo8q551612DUARFHrWzfU1kyW6agZJv65Ju2h8pDpSzE,1
EovBTMqLuipubjknBL5ugTzME6AkaccXzJm8jeRHUR5H,1
EowGTYaNyGxSDd6Y5w8R7r9P32rk3M2irCFRDa1i9WHH,2
EqiQporSiZ42aYJckiPBtgtxGT1TSTPxC4ExraeVVFBz,2
Er9uABqNC4VLL1HjM2LYfXAUTnQfShSo8HCtYeg63obH,1
ErApdZzL73JLLtP6NCJL8Xs9YnrZspmCmWa6Ldr9dyio,1
Erp7xyMgJAphfQ7hzC7JzjTn9vWNN58nbdVgYtczizUy,1
EvDKJYdrLLVFQzQvYkv15u13StzfVHdNDXgzRbQMcmCm,2
EvWavL3u2yJ7MmMKeBtSFT77xEf5mi6LjxqAubYujcGW,1
EyA1aXmweHGE5Qin91DpR1mmEhGnEsSLFSkzAZXQgWYM,8
Ez4TdqCRreMErkfTdGJcYe1EaCxSveGrKAY5SArvCEpH,1
F2tv3zsLRWsGHmpPXj3H8HFSJq3wQkvCPfjv3zLhV7px,1
F3EayuTwAcnNRUbqmY4hhmfw95Nyq7o9Cx4zAbm3vvkj,1
F3uC8h8i8JQarW94b16brjvNLAqVNABnTMi12vnQzpT3,1
F4ghBzHFNgJxV4wEQDchU5i7n4XWWMBSaq7CuswGiVsr,1
F6DiTa1jxnAgaWgPR2mp7NBiuMB9TX6kqkLLvi5C9bki,2
F6gx9awYSZxwfbjpzTt7jpUuo4wX1wSyuvp4PM9fVpqd,1
F9JajTW49AAvmZmEbgDEsGTKgDivKeN92CHViTH1rioz,1
FBix6CpfH3Q4ET26jRk2ugRLnEtchxrVz5wbpzPQt5rN,1
FEWUyEeZ5uFpLxgzV8FmdUyjQQBZx3fjbeAFaPtRL7rA,1
FFGPrDUAfh7tJe1jiaK8Rji8BnYR3JvynG2cxXA4B3S8,2
FFn3hMqnLwpP9exdft4avo6V4yG2hiVxtCfR4mqwUfxF,1
FGhPJEiDy6uBGD4DC4AxqtStMZ4mDbiteoUMREsvkmVc,1
FJ8w95Uz7gkj9z1We81ehim9fHF57UdYFpdsfimqGmuq,1
FJAB1ya7DpBUKdw8vpanNm6pq8mec5WvSmohv339sW6g,1
FJkLjxhK5HGx3ncHXJHG4UBtZgQ8FxCFVbscx7XbKhdr,2
FJwe3o9H5vzro91xVKokvbAosRya1ACoaQXzNsKrnsAn,2
FK5PKQ44rUNHmD2Bh9xE5aEQs4AQuaXyRn4iVMNWjMzy,2
FLiGbsPCmjyjQXNJnY9SxQ8n9ZY7LLiero6YpuDB4CUf,2
FNXTLS1VEzB77KCzxMbLvcdLHBitYHC1BAaZThbyPUKs,1
FPt4NFyxPcSZ1wme36uxhZRwt9GgYxrQ9exWtG1PjSfu,2
FSCHwD1N5u712ARRXSSJQBPmDYTHEzdSt1eNaazpb6mq,1
FSxbVrQQRjKYnDVTBTH8LiFant8gAXPWfFQybvxauVkR,2
FT6Q95DC2asy2PgYm8cpwDqR5pKxPHMWEJjPiWJ3HL9Q,1
FUkSFrXWvJSAJusD3WCfYNQESwK3C6GLdta81ed8KLoK,1
FVvR4tYCMZPiQBqdZosXhRoJHNoEnDVhSmfDLq2eKKMR,2
FWY3roVdX8jbDzYUN1DCiZQQsn7VsgrG8hEEPMkijaon,1
FWatFd9r8aHqnAaG4561mgBqojsvwNBN8ePi237xJk9J,2
FXrb7HnnhkNJwMVz59KRPYj38qaFw2cPMbvPgm79UryX,1
FZD2sANNWESa8C6wz43SMh3cQVthqvH7tAGxeFhm1u7,1
FZXcdzpfzcUMiHC3cVJaCDr2SPf5vFoiXBN3uvz7ud5e,1
FZXg6PdjCjoz54TTT5Tvq97Y9hnpWCLsCqPmfCHSSWYx,1
FaNPKiZqDyBrWFzSUSPzzJQD8YXRRwcj8MqyVcBznpwt,1
FaQN1R5VMqtYfqAmWj2juR1sT7j7hPjh46TT5dk6zoEg,1
Fb7pVfnQWCiXN9vrdKG7hVcrXuyroXdE6yR9xF8N12zw,1
Fch9SyyQRCVbNK26Ywduf7rLUsnexTnehjiuGr78nNwv,1
FdZSMLAGGPpo15cgVa65YKBnE6kKV7s8LcoB29w8YfCq,2
FgaJ9bEgqQk9jXDPVKzAFHiwr4CV2rD2awmQL96Ni32Y,2
Fi3ytMzX8P2Zb7cDjS7gzwxAXmndJbSbbG4rbS2XVwEz,6
FjAgK53Gp26CqVYFgeFF9FcBzdu8gRCjo83NMdrJW6s5,1
Fm4KuMgNH7BTknYzFCRFB1JXprByzhmR16LufND6G7kw,1
FmWp6KcbeSZ44bKm95qpnfbPpbzQww5BJvbHuutu4fdb,1
FnFfyjDQZsfmeUKMMZvSHxAXuLSCAyhw1A6eNLh8XyKc,5
Fo1QGy9aFusJsuu9Yj99k1JtiLZLE59y45Cj4Z5Rpdbh,1
FodzMknCBxe1nVKtpftGoEnVhQT7iV9qBpmd7jDaNPV7,2
FpCVw6qWLAaGMKrLjqTAgznBtVTG12tsK8cyVwJRZNof,1
FqQ7hBd7aH6Ld9vCGY58iwbaVRaeXvZKj71c3zSa5U9p,1
FryJS4Ynb1kAMfZ3U2xBiajSkkWiaxo9fWULZxzgQ5P6,4
Ft5XyGjutfJMnXWojZHB8BESMWPit5HH78Ky9XJoUtEQ,4
FtNxwF2asULPuTPMheVVR2jPoHiRzwFtTXFoFyCbCAqX,2
FtyXx1BKL2G1ScvJKPtWTyx3eCR7tcRePVLsXLhJ2PBN,1
Fuiujxzju3JNBoGoB2HGyNKcptE4pCSh2FLHM5jL4uzi,1
Fx22XUQE2NaZ2oMEPCAzyYXwqnMGWrKDFGNdqPi1pdHh,1
Fxu7zahS4m1knSaWptTXL7sJwF3nRNRRFLbgjRG76mMA,3
FzRAARALXRDiyJVMgmxLF54nz8CLAVx7wjnC9Z5mNbyN,1
FzfsvKou3pLDnvvSFmGuMKjrfnWAsCi4e29xptUoJpie,2
FzoNJaeAfoSZoFzE79b7U3LYPcN7ENu4cPibxPBdbFxk,2
G1FqpQBE8mZVshcv9yDnbza33SNo14Z7ibuYrmggs6Yf,1
G2MienSEKNJx2ThBiTbtv2ubKYk8frbrryUmUG1B28Mn,1
G42Px5qpZjJSmkLHVVdNcMGjobBihnPhcpor5uRfKyRw,1
G4u3hhbBpz1skpiQL6jhB8nZHjvPXUNQruq2zZc2amXH,1
G55E69o3b8mK2pEm3Rib9dHMRBNZn7pPodsjYXHwsALc,32
G6mMCSiR9tDbfiV3ngj2HJkgcUNvexENGzLyjYau5Yjn,1
G83qt9r8QHKfrbXVo9dmVVZXHDEFbk2riLAccYDQDXWf,2
G8Kqt4S7qEyvZ1XzEtcPHvRtqsJE66hd6RF2x7xhKrxh,1
G96BDGPwUBkeRbZi2pbnp5fK5HrCPV8D1MjzFVebf8Z4,1
GAfkGPYUnF6c3NyAouNH4sZwhZYbLTbKrmsDaUR4Sb2J,1
GBNuuT29DH7Vsd3P4nifRGMiSyRb5K2yJsdf4t4pcLcq,2
GBV1MtW9MJRfe8aA6xbNkMpPDbxc6w7zeqnndAC1fKXc,1
GBs9x795L8FgTpFbCF2tZnbUovBoJGtBBgpDYW5agu37,6
GDPEVdRyeYQ1PiZEAaGxPWEahTN2W8UwXJdbtHDJQHwG,1
GGrmLUa7ANHfeRiteCT9JEntw1ijmWWjMHn1hkkEcXec,1
GGvHUqu84oYdgA9bjb26RwjrP3EdgnuLcEGXtVZqsuvs,1
GLei6g7hfAatSEbxV5pN1gnugZi3iannRKJ1pCHM73kV,2
GMHoSBRMCeaeepwA3bPHmYEMavxyQxAEMBRrvrqzn4jG,1
GNwjrm2aFA8XexqEBya9vEc3pHxXB7et9yFTDCVM6C4j,1
GPBQpydKAEP4tzZYSuFM3LWJSnmR9kBgxG5GdknEwSVM,2
GREFThG7Pb6T2Wkfef1UUWYP7oDiPUoGorNrAkNd7p2M,1
GS5MyhYdUsG7DR9qxweQZUKZjUP7JukM8bZv9joYDMcA,1
GTm7vqznZ9q5bt7jpBrLXgEogVPyQZcYz5bKnr4qfekJ,2
GTqGbwHkAtwR4UFT4Gq3vwm1W2Aavdr4chEepdHBoAbM,1
GUeUkKMkRrwwXbuSFvq3MTPMBMQm2fp5QZGqoGKTBj8q,1
GUfCR9mK6azb9vcpsxgXyj7XRPAKJd4KMHTTVvtncGgp,42
GV2dV7JNXToPedA3nSJdh9AKsmi3s6naTizebbkbDoNr,1
GVUjgn3NeStZh9NE1i6kizzbAWUS3mDuUStEhfjjDd38,4
GVpEgpw3DUCzHgB8rd8JCpKWDFL5M834ouDMUUsmhtD4,1
GXCuPwAZzVxPpyW64wubM4rS3PyrPyAeNnJsQHCCrG2u,1
GXM8BXqS2BHTFwZBHnjYT24VQzHBw64aP2KpVNx3ijCN,1
GYSenUcJ4ciuNaz63n7NZKD5ntoZgBqGQHBwvu5sU3tY,3
GYzMerQRJCXG7xZX756D3zaJYRgCmgwoTJHzis5DRme7,1
GZGjwp48dFT1GxN9Jh4J4HQzxBUFjDBBeavJXZ8co3tf,1
GZcx7Db7t2B9s7jNSuukdfAiWQEKm9KZwJV6KqEzoWGy,3
Gbr1W5TJcyoXDojH5MDCCnVLSn71VkrDn28vjyNtBNm3,1
Gbu61EWp3rSn5ci33p2UASTBjCt8CpFKkc1FMzG93CAE,1
GccHJx9a9vCyqFwsPTBc25WKgWkekuCMnyWi39Dn2tY2,2
GeaBbSk8qG88D98Xu7ULtutCw5ZzWxqNkD7GD6ZkLtPt,2
Gg18SsAX2rs37F7Eh2PBbAcfsexE242UM2dov37YeJaF,1
GgK49KmigXUHoGsZDaibAJ5pWBduwBxypchjzXbmaiz7,1
GgvEDJ4mkVb7zgm3CoT5ZwhnpxDnyN3Jy2ZySdKwkUvy,1
GhJQ4HQTTNt7dAQmfrBeaUqkKpekAhTZ3Ksy1iEPrzBi,1
Giw5Tn3XkRaKxrcRLi7ZzPcVvNpSctat9Etv2abnvxw6,1
Gn5vEtLGA4cGnPm1w4PEgvJcnKA1uxZ8vUhNGYCijdUf,1
Go6UmuX2on6HgCDmam8Uoc65M9UJBjY1EkuedCMiB7wD,1
GodQvNxcYPCBSCzroz2LruwNHTNQSopiFemfVJJC9zEN,1
GoyinF3ZGbWFpCxNdesKoqSEAuVcUyup4SgQS6wx8ne2,2
Gs7hJncVtbUZ6i8V6t51tCvvTSjaaLdeSTs3WR7ADdHg,1
GsL7D8kSdGP3fmh1uBgVX2CKtyUY3s4eni7kdkxrWbdS,2
GtLPubWHUb625JxQegxkFgLji2qYD5XsBPBQ31QJ4KCE,1
GuXpiGEkiDhLgPQT61SZjovFkX5ogqk6rDzjwT3p1roy,2
Gw9WYVBnLQq6pNEsZZg2Rm6fBM2xHEtLZQY6j218gQmv,1
GwR9jHurkk6cBPJSpD3drzj6w5vYaBbwuMuD5RZTnJQY,1
GwSyLo8eNBD6TuNJoeyhiNKD288ieNfiBzVRiE3bE9RY,1
GxPgGWJSYdH18hMYUewFPF3sYZ3YF9BKGkZdvaixNRrq,1
Gy5rEFu8S87E3sKFKzuYTZhEmUbtfwCCCZq5a7KPdsSZ,1
GyV1dwhxVDLS4Cx5A1U65drfkamitvUdHDL43eCiYexj,2
GyXoEsEa87rA8oNbfcGcLfRZrvfAsT6uCmJciUijdQEe,1
H1DU9ajS9MUTxVme38ApnaJqqGKTF7TW5LM8nrf83p6W,2
H2HStrimK6DhwNLosCXyV8wt9Lb4YZ9TFEqsXpkBB1RG,1
H3DuPBxcpv95yKz82s3Nq2DoApMcowt9gzvK8jAxx2jF,1
H3e1o1YqCT1fksVPSYc8wMexyKvGMVebsCwCD3juUrY9,1
H3jTHdyB17LBYiiXz6YbFGFoJzBFR7pA3Bpi3cLfEMmx,4
H47fKTYpjeNXJzaskkdv5roxmc8s39m7ysygWFLoJKbj,1
H5wjAT2XtdiR3tWnbkCM3KnDmXckgDdoBnqWLHVTXiR3,1
H6PxWHrjRY3R3PQ87XdS6MGBjRUNWZYgkFgUk8rDjZMs,1
H8A5rknPdV7KNCFAPyh4uQpEeqQKb4qG1dEghTesmyuJ,1
H9awTFFJBVS1LRCHJG5RYpKYx9pGCFmRjpHSvQcbwg4T,1
HB9zvDomqzADADbGd7EsEbVUUQZzkD21AnCQhRrDxK6f,2
HBhkgRQWZvntgV14rWCKxisqLog7uewHuK4YhMGXkc5h,1
HDKqzJMK2gPZWscfrrWHnJgAQKUM4mw5qZg2LWDAsnZy,1
HE8cT7J8eezDi8zJeUCHjpbyeJ7k6PrWgzHyLHqwbnh,2
HGopYLpg8r7jpTVLcGwhF5463DNoyvmvTFRUGhRMV5wT,1
HM8cXG3EwR7PfqKe7gdSJrBbyfZPvvUVXgdDwrftDs5v,1
HMNrpDgQX7c4Vf18nZ1H5NTx6fGd9AwwTJxsy8qPeHPK,3
HMoooTp29zkgjstxvNCzSEiz2FmYNbnjHEkt8eWAR9XU,2
HP83geGBLPxDXF2SEM3w1sS26WzpGiv7tULeYwKFntCM,1
HPxCdqrB3eD79f4rLbXp2P3ufnashqaFSGxiZwt3BtY4,2
HRvrSnRXVktGJTBvUJpVEKD5Xo8stZE68NVd5ZPdYqsT,1
HS1ra38MRQZoQKEiBvYUogkvBNcuYDiJZiuz6biQwWC1,1
HUHLWq3SAaxuNACaN8P8W1iCYxc74Mw5dWjBuxU2ujyM,1
HUTmJdH7nCFCPLmQP2K8NmpskyHdT9JeGKwHrh4vUgQu,1
HUpLTSfr8XxFh2i5CJS8jd6sxg8dMgrTpLagRahvUv4e,2
HVEvLReM38UJ1CsGf7aAwHvp28ppnjRMEdhVACsDtXCq,1
HdxxHagUV7JKxiwXEBoFmqb6ku6pcD97NEvgJaM51fH2,1
HeQjd34j21eb9W45FvLR71LGFrbKKHXJRr1KvqhU2XFM,2
HeqUj3NSKJgYdqtZF874PJeZKK2efQ8mkDS8QJWR4DXB,1
HfZ3x82aFncnmePcoV3ZjhQYYfZQ89Ad1ZWzbe5HPrxK,2
HfZ5pbU2zrkenR3dEetsvKfpzRLdb1sKWqCpVSiFeddS,1
HhwMW5Sfp6yZb3pbrt5dzezVPQ41G4Va6EF2WxXdEkyx,1
Hj1nSEdVhxB5uUApyPf4SxafmmEMZHgHmqWzJkp2MHZV,1
HmquyrVBgjS4S2P9q4FpmgzY3sv93iv3uWUxMdR2SdVR,1
Hn5PULd7wyy2j9j9xWpA85Mtn1yryf6q5jXQXSwD9RHv,1
HoR3Gg4sskoZ9ncQ9H9Dk3WkTbCcENrTME1zevkRaRYb,1
Hoq9hH6K5yYBeYpqJCADeHrFopmDszCDXN4bzYuGt9s6,1
Hp8SsZZZot8UB28HTfEuxxCXECoSiwHfpzqwenjrMPKF,3
HtaC7AZDNpyduABf7PxHWZ5npCTtVQtKvZ54tatcwNG6,2
Htr1puEhZ97WV6BcfC68bsTgCd8UeBbFWsxBrfDTupi9,2
HuN1yTv8AAz6bavt5bcjUTUHd3jCQ2SfVSWLryxtFz3K,1
Hv2bSpekkEGsscRCwKve5x7KpSqxZeTgLM9FCwAwNUx6,1
HvQo24sUEUrZMQJrjefMDnxTFvynKsvTt5qVy18YvKb9,1
Hw3NpVsevK9TMJwqSQ59a5ej6ztMkU8Wb6zTEAhVyWvp,1
HxnFxe9cqSRZUeqSUGZKuvzSsxJ5HCK8hbHTVdT8ChJc,1
HxqrMKFTdXL2SksfjMB7MVaVKkBGFjnEk2xDWMMMEipv,1
Hyc5q83MiuAiQPrizmACJuDj9qDii1aN7JB9R7uSvAXm,1
HyeMZ4VLKertFEsoT9VMnZfYiQ15gzw7G5JxcENd6bj2,1
J44esPHbCLXGuK3FwbN7H6fYfvdiG15jPaRMHpTPiRM7,1
J52XMM5UBxB3oGkPQBmMQdc1SFToo7Ab31XAAKLAJvhn,1
J5t7BUVjGoDUffEYgc3Hc7AWyBUcgj5vUgAuW4mkc6Cv,1
J6Ex1azponAzN1QNvEL227aHu91bN8T37HNqW3wLSMrM,1
J6Q5wMfLZGfdkcTyKYRQU6zWSHGEWAq9fzkBSNQxULCh,1
J74PTJVRjvYtivtaTECawbZktKN3NWsGKomS1uLiXu7c,1
J89HXU8BEveEE6vz7xfK5scknkXjmvUZDYZmsEZbeEvE,3
J8U5pY6vDAHfEq1pmX3jvtGjMt8RpFjnfVbtTP4rnpQ3,7
J8mpHaLfqzKaAeCxPWtxDy93z9EK7jDv4qynYEbGrddo,1
J9QCCUfa3rKArZEhe1bZvCjPAMsxHWTK5T2g7iwwzohp,1
JCvMh9PmEVd5Y2czHRpDGTzXatr9LkbAE8eoktdu3MXd,1
JCyiVWn1ZoeGXpnBtWuUDQchJdaHtct5JCLMmR1EizPQ,1
JDEvLt4Gy9QiSqoNG6jdyWrf1eFHFvgMhBWEhhSnYCDg,1
JE82P1zmL22xAHCbUFh7WWx7yyVjC98J7ShZn11QPopE,2
JH12qyYaKRFyeMJiCsX18pYRxxTcTgwypmGMMcpnuRG,1
JYizUuULdPHYopvFqFByuSkrZtXYFCzJJTSqj3787nT,1
KexbftJg5ixsz6JMYEG6e22HJ9KQAWYxf9vVFY1DT4n,1
KqhhfP7qhRhB1J9pHjVe3m9vUKTjNARywwwbMMeuaqv,3
KrcDGJTYG5FdKcfqSptgYUvsp3cHGtjZUnEuqw3fArD,1
L3CvQeTaBAcP5A2Bo2C2nT3TA6QxovPLHWwTRPPY764,2
MLcF1aiWfEsNRLoRffrMigD98eUkNWnNGP4vZwihxnH,1
MrBSc1cUrzT6da6z7BTUbjcwDKh4upDyU1GuvUDTDRy,2
MvogSQTXToXV7MS8hDbvfWGoELDtR5Z75SGMUNiUddN,3
PbsnZVFY835fQdb7js3eQ52oay6Gu5emGCFmSNrGTbG,1
PsCokUV79TXDp19wNMFsC4aacoAfDHZXvM22EHHGGjp,1
QUGq1Z7brTKsAUsfCEByGKHQ7xg4waeyyWKcjYbd1da,1
QfmNwdpwoeR3rsXaZwZfQSKcZRy8TZSF29wUYdHxe5P,1
S5vKGovcwmW6MvGvJzcSeQyvuXigEF1vn6h927WYeTR,1
ST1GdCEDCgkWMwj2oki1W8KC7JXCP6r2qXWJRu2ZMA9,1
SrPnT7zU5JBF1995qxpV8DJEvsXktjXcHnq25SDTtZ3,7
TZJosdo1VrqK7ZFFoKZeTTTr9JYDrubUQXFCgYbdvRY,1
UKqmGWVnKWUzmyBoeeoGt8Qvsjyzus72DLBaF1b8Dy7,2
VaUabM1XmanMKDDhswgUrJk5ThhAxUZv7szFxN3ZhQd,1
c5Y9dKps1i2ZVxZaL43Zw2EcK2DmjNSnQZMEdNJga1n,2
eAe5wMwWh85SaDg8Bk8kAYVX3fZodLnrZGTh8j5yDWL,1
f9enZi9iRUw1ep4EXM1nvbxwn6P8UuDMD6hbaXki6YX,2
frLYWekMfxPf2rxux2eV7GaoV9XvuA66QYtBD3n7m8T,1
gxLuPqtz4q2bgXk9jFazHTskt8eAd4ycTRavFfSJBrw,1
hb67mHSbmMhRAmRLBp4wQ5GYLXMCdZk4cUAJVbDKQiq,1
iFSedy3DFnZPYVzvJpwDouc6dsXfjbnJjdQPi1fuY3J,3
iLjKLYY63u1NBjxg3bvLcnyQqwUYG8XXpykNWPSGjzQ,3
iiAw2xrR4TyAfuUbbSKWNJzxPjfcXVBtx2GKDCbA6LM,1
izmWVK8trkz72NYQR4R1cdNwZK92STGFtuXibPcCphg,1
j8XQN1DBht8QsWsh2YCPdXJZbjhywWPgKRqy8RPqCEA,1
mqDLGFkJBXbhUyjYmrCAKuHr2mKzjDAV2GwrFEjtHBW,1
paaCigckhCvmYFZCnuVEGSfiPSjx9UihVJYhWvH8ak8,1
r8F4ebUGnALjAXu6XnZGHffrTLwcv34UXzozavQ5ZFH,1
rcJNz5tWht9T41aJ8MoYhjNBtrPWGFcGK1ZpRVrf9FM,1
rohanrAYfWTd7DtNHVtoJFxdLYspwToEr55BqFdfkZd,1
rxxN7pL6qbqi7E9ATsd7xGyiiVoQZmVzwRSred1CLKb,1
sJGn5iQ15GGSiBpmXPkuq3zZctpfuXaS2iqbnx4azxc,1
tFJfGZvpU44NKReYggM9PFco7cNmhbHrE9EQQx8srqC,1
txdbp5LBn4d2BqfydYb1KDVJtrnvj3UcEJHqjsx5Xzq,1
uGbqN8MR2E6mV7hPCFv5HLpgkxQtZrgL73NZip2Ax62,1
vcXkmHjdCqVM3QGFQKHE82aTrzWtdxX2KekQqTucK8u,1
xqJ1pxjJ62HSAVj3HB4xr8TyVViGPABRiEkEzXhWXS1,2
yEjjZGvSPLz6gv1fS2HrWFawHsnNPA9oEg5egPp1rx1,1
yXYzVF3WnzkUVwwmejoNZkzJiQcn87Ms9avDqFQEuoU,1
yrjny3rAg21wNuqJFaBCWSZuGzAyjR3Yh21QX5LWrqy,1
z8XHRTgbgRigHMixHAZGw1HUWYzYPweCMXYdhcdzvtj,1
z8vqLEsaNzP9zVxB9Bk6y6rh813NqJxzew1aD5yuNju,3
